Dataset,Execution,Time,Fitness_train,Fitness_test,Number_of_nodes,Number_of_nodes_real,Depth,Expression
airfoil,1,10.9877803,7.131557539985332,7.388981487598799,3,3,3,myexp(myexp(1.571))
airfoil,2,43.6164894,6.051467308353095,6.231404198541312,35,35,10,"-(+(mysquare(3.142), -(+(10.0, -(+(100.0, 10.0), +(mysqrt(Angle of attack(degrees)), +(myexp(myexp(Chord length(m))), -(mydiv(10.0, -1.0), -(-1.0, Chord length(m))))))), mysquare(mysquare(myexp(Chord length(m)))))), -(3.142, mylog(mydiv(Free-stream velocity(m/s), Frequency(Hz)))))"
airfoil,3,25.146709399,6.815615225997729,7.0423633196071025,19,19,9,"mydiv(+(myprod(-3.142, 1.571), -(-10.0, mydiv(+(Suction side displacement thickness(m), +(Suction side displacement thickness(m), +(Suction side displacement thickness(m), -(-10.0, 100.0)))), -1.0))), -1.0)"
airfoil,4,42.7215422,4.806373681298715,4.802129966603273,37,37,10,"mysquare(+(-(-10.0, -(1.571, myprod(Suction side displacement thickness(m), myexp(-(1.571, Chord length(m)))))), mysqrt(mydiv(-(1.571, myprod(myprod(myprod(mydiv(-100.0, -1.0), -(0.0, Suction side displacement thickness(m))), mysquare(mydiv(Chord length(m), 1.571))), myprod(1.0, -(-(Frequency(Hz), 100.0), 100.0)))), 100.0))))"
airfoil,5,38.346980299,6.57706287881874,6.7911941963102,28,28,10,"myprod(mysqrt(mysquare(mylog(3.142))), myprod(+(mysqrt(myexp(mylog(mydiv(myprod(1.0, -1.0), -(-10.0, +(Frequency(Hz), 100.0)))))), mysqrt(mysqrt(mysquare(mysqrt(mysquare(mylog(3.142))))))), mysquare(10.0)))"
airfoil,6,55.8032452,5.665456240168073,5.7180972112324255,39,39,10,"+(mylog(myprod(mydiv(myprod(mydiv(myexp(-(10.0, -10.0)), Chord length(m)), mydiv(mydiv(myexp(10.0), Frequency(Hz)), +(Suction side displacement thickness(m), +(Suction side displacement thickness(m), Chord length(m))))), -(10.0, mydiv(10.0, mydiv(-10.0, mydiv(Angle of attack(degrees), mydiv(Free-stream velocity(m/s), Frequency(Hz))))))), mydiv(myexp(10.0), Frequency(Hz)))), myprod(10.0, 10.0))"
airfoil,7,59.3514193,6.335440478173725,6.351145328095093,42,42,9,"+(mydiv(myexp(mydiv(-3.142, myprod(-(myprod(-3.142, Suction side displacement thickness(m)), +(Suction side displacement thickness(m), -(Suction side displacement thickness(m), 1.571))), 1.571))), myexp(mydiv(-3.142, mylog(mylog(mysqrt(Frequency(Hz))))))), +(mydiv(-(Suction side displacement thickness(m), +(Suction side displacement thickness(m), +(Suction side displacement thickness(m), -(Suction side displacement thickness(m), mydiv(10.0, 10.0))))), myexp(mydiv(-3.142, myexp(Suction side displacement thickness(m))))), 100.0))"
airfoil,8,12.361965199,5.642263368552802,5.650929906523913,14,14,7,"+(1.571, +(1.571, +(+(myexp(3.142), mydiv(Suction side displacement thickness(m), mydiv(-10.0, Frequency(Hz)))), 100.0)))"
airfoil,9,36.3861637,5.930601288644025,6.105082443867267,31,31,10,"myexp(mysqrt(mylog(mysquare(+(+(myprod(mydiv(1.571, Suction side displacement thickness(m)), 10.0), +(10.0, mydiv(-(Frequency(Hz), 100.0), -1.0))), -(myprod(myprod(mylog(100.0), mydiv(-3.142, -3.142)), mysquare(myprod(1.571, -100.0))), Frequency(Hz)))))))"
airfoil,10,54.503266001,5.239016674734819,5.333493681937003,43,43,10,"+(mylog(100.0), +(+(100.0, +(-1.0, +(+(mysqrt(mysqrt(mylog(10.0))), mydiv(mylog(Suction side displacement thickness(m)), -1.0)), mydiv(mylog(Suction side displacement thickness(m)), -1.0)))), +(0.0, +(mysquare(-(3.142, Chord length(m))), mydiv(-(mysqrt(Free-stream velocity(m/s)), mydiv(-(Suction side displacement thickness(m), Frequency(Hz)), -(100.0, mydiv(100.0, Chord length(m))))), 3.142)))))"
airfoil,11,32.8790454,6.1465840187743925,6.32548836386036,32,32,10,"-(100.0, -(1.0, myprod(-(-(Chord length(m), -(+(-(1.571, +(Chord length(m), -10.0)), mydiv(mylog(Frequency(Hz)), myprod(3.142, -3.142))), mylog(Frequency(Hz)))), mysquare(-(-(myexp(1.571), Chord length(m)), myexp(Suction side displacement thickness(m))))), -1.571)))"
airfoil,12,60.931586599,5.054777718945834,5.045110582808917,44,44,9,"+(mydiv(Chord length(m), mydiv(+(myexp(mysqrt(mysqrt(myexp(-100.0)))), -(mydiv(Chord length(m), mydiv(Chord length(m), mydiv(1.0, 3.142))), myexp(1.0))), +(mydiv(mysquare(Angle of attack(degrees)), 1.571), +(-10.0, mysqrt(Frequency(Hz)))))), +(3.142, +(myexp(mydiv(Chord length(m), mydiv(1.0, 3.142))), +(3.142, +(myexp(3.142), 100.0)))))"
airfoil,13,49.582655601,5.9084963269683035,5.897526762815119,57,57,10,"+(+(+(+(+(+(+(-(10.0, -100.0), 0.0), mydiv(mylog(1.571), -100.0)), mydiv(Chord length(m), -(Angle of attack(degrees), 3.142))), mylog(mysquare(mydiv(mydiv(mylog(1.571), mysqrt(Chord length(m))), Suction side displacement thickness(m))))), mydiv(1.571, mysqrt(mydiv(Frequency(Hz), -(10.0, -100.0))))), mydiv(mylog(1.571), mysqrt(Chord length(m)))), mysquare(-(+(mydiv(-3.142, mysqrt(mydiv(Frequency(Hz), -(10.0, -100.0)))), mysqrt(0.0)), mysqrt(Chord length(m)))))"
airfoil,14,59.6426941,5.366814437423482,5.209371118854667,53,53,10,"-(10.0, -(mydiv(-100.0, -(10.0, myprod(myprod(+(myexp(+(-1.0, Chord length(m))), mylog(myprod(3.142, Suction side displacement thickness(m)))), mydiv(-100.0, mysqrt(Frequency(Hz)))), 10.0))), -(-(10.0, -(mydiv(-100.0, mysqrt(Frequency(Hz))), mysquare(10.0))), -(+(myexp(Suction side displacement thickness(m)), mylog(myprod(3.142, Suction side displacement thickness(m)))), -(+(myprod(-3.142, myprod(10.0, Chord length(m))), Chord length(m)), +(0.0, mylog(Suction side displacement thickness(m))))))))"
airfoil,15,21.3914598,6.719065181670763,6.918211043034987,11,11,8,"mysquare(myprod(10.0, mylog(+(mylog(-(100.0, mylog(Chord length(m)))), -1.571))))"
airfoil,16,29.704836001,5.001178057584293,5.671245406696789,24,24,10,"mysqrt(mysqrt(mysquare(myprod(myprod(-(100.0, +(myprod(myprod(Frequency(Hz), Suction side displacement thickness(m)), Chord length(m)), -3.142)), -1.571), -(100.0, +(myprod(myprod(Frequency(Hz), Suction side displacement thickness(m)), Chord length(m)), -1.571))))))"
airfoil,17,49.172102699,6.3327182372706625,6.235310356011301,43,43,9,"+(-(-10.0, -(-(-3.142, +(-(myexp(-(1.0, Chord length(m))), Chord length(m)), -(-(myprod(-100.0, Suction side displacement thickness(m)), Chord length(m)), Chord length(m)))), 10.0)), +(10.0, +(10.0, +(+(-(myexp(-(1.0, Chord length(m))), Chord length(m)), -(-(myprod(-100.0, Suction side displacement thickness(m)), Chord length(m)), Chord length(m))), -(0.0, -100.0)))))"
airfoil,18,34.4875244,5.7083771396112395,5.746959546838973,43,43,10,"+(myprod(+(-(-(-(-(myprod(-10.0, -3.142), Chord length(m)), Chord length(m)), Chord length(m)), mydiv(mysqrt(Suction side displacement thickness(m)), myexp(-1.571))), 10.0), 3.142), -(myexp(myprod(mydiv(Chord length(m), mylog(myexp(mydiv(3.142, mydiv(-10.0, Free-stream velocity(m/s)))))), mysqrt(Frequency(Hz)))), mysqrt(myprod(mydiv(mysqrt(Suction side displacement thickness(m)), myexp(-1.571)), mysqrt(Frequency(Hz))))))"
airfoil,19,40.5880281,5.124403199951298,5.332112714471104,38,38,10,"mysqrt(myprod(-(mysqrt(mysquare(-(mylog(Suction side displacement thickness(m)), 100.0))), myprod(myprod(Suction side displacement thickness(m), Frequency(Hz)), Chord length(m))), mysqrt(+(+(+(myexp(10.0), 0.0), -(0.0, +(mysqrt(Frequency(Hz)), Free-stream velocity(m/s)))), mysquare(+(-(0.0, +(mysqrt(Frequency(Hz)), mydiv(Free-stream velocity(m/s), -3.142))), Free-stream velocity(m/s)))))))"
airfoil,20,41.511367601,6.636567976553975,6.9417649639398435,27,27,10,"myprod(100.0, myexp(myexp(+(mydiv(myprod(myexp(-(mysqrt(Free-stream velocity(m/s)), mylog(100.0))), myprod(-(-3.142, -100.0), mysqrt(myexp(-10.0)))), mysquare(mylog(mysquare(-(Frequency(Hz), -10.0))))), -1.571))))"
airfoil,21,66.5825957,6.122824623763474,6.723901163131561,47,47,10,"myexp(+(+(mydiv(mysquare(mylog(mysquare(mysquare(-100.0)))), mysquare(-(+(10.0, -(10.0, -1.571)), myprod(myexp(+(Angle of attack(degrees), Chord length(m))), 100.0)))), +(mydiv(Chord length(m), -100.0), +(mydiv(Chord length(m), mydiv(mydiv(mysquare(Frequency(Hz)), Frequency(Hz)), Free-stream velocity(m/s))), +(mydiv(mysquare(Chord length(m)), -3.142), mydiv(100.0, myprod(10.0, Frequency(Hz))))))), myexp(1.571)))"
airfoil,22,11.196774201,7.0700065904727545,6.509301164446675,9,9,7,"+(myexp(mysquare(-(-1.571, mylog(mysqrt(1.571))))), 100.0)"
airfoil,23,26.3411775,5.309814466895879,5.380393915243223,36,36,9,"+(+(myexp(mysqrt(10.0)), mylog(mysquare(+(+(mydiv(-(1.0, Free-stream velocity(m/s)), myprod(Suction side displacement thickness(m), Frequency(Hz))), Chord length(m)), Chord length(m))))), +(mysquare(10.0), -(-(-(-(-(myexp(1.0), Chord length(m)), Chord length(m)), Chord length(m)), Chord length(m)), mylog(+(1.0, Free-stream velocity(m/s))))))"
airfoil,24,61.696889299,5.741161875802976,5.830348657806569,52,52,10,"+(mysquare(+(10.0, +(mysqrt(+(myexp(mysqrt(myexp(-3.142))), myprod(Suction side displacement thickness(m), -10.0))), myprod(Suction side displacement thickness(m), -3.142)))), +(-(mylog(Free-stream velocity(m/s)), mysquare(mydiv(myexp(-(Suction side displacement thickness(m), -(mydiv(100.0, Frequency(Hz)), mydiv(-3.142, -10.0)))), myexp(myprod(Chord length(m), -3.142))))), +(+(myexp(mydiv(100.0, Frequency(Hz))), myexp(mydiv(100.0, Frequency(Hz)))), myexp(myprod(Chord length(m), mylog(Free-stream velocity(m/s)))))))"
airfoil,25,16.6290458,6.518002764456723,6.678665368925753,13,13,8,"+(100.0, myprod(1.571, myprod(1.571, mysqrt(-(100.0, mysqrt(myprod(Frequency(Hz), Chord length(m))))))))"
airfoil,26,64.8114605,5.519737006452014,5.263532204462411,56,56,10,"-(mysqrt(mysquare(-(-10.0, 10.0))), -(-10.0, +(3.142, +(+(+(+(myprod(-1.0, Chord length(m)), mydiv(Free-stream velocity(m/s), 100.0)), 100.0), +(-(mydiv(Free-stream velocity(m/s), 100.0), +(Chord length(m), mysqrt(Angle of attack(degrees)))), +(myprod(-1.0, Chord length(m)), myprod(-1.0, Chord length(m))))), +(+(-1.0, +(mysquare(mydiv(Free-stream velocity(m/s), 100.0)), myprod(-1.0, Chord length(m)))), mydiv(myexp(mylog(mydiv(Frequency(Hz), 100.0))), mylog(Suction side displacement thickness(m))))))))"
airfoil,27,31.718399899,6.395416584760876,6.534699419177479,29,29,10,"+(100.0, -(+(3.142, mysquare(mydiv(mylog(-(myprod(myprod(3.142, -10.0), -3.142), 3.142)), myexp(mydiv(mysquare(myprod(Chord length(m), -100.0)), mydiv(-(-100.0, Chord length(m)), myprod(-3.142, Suction side displacement thickness(m)))))))), -3.142))"
airfoil,28,48.7422164,6.076424283919153,6.334781475585846,41,41,10,"+(+(myprod(myprod(1.571, mysquare(+(myexp(mydiv(Angle of attack(degrees), -(-100.0, 3.142))), mylog(100.0)))), mysquare(1.571)), mydiv(100.0, myprod(mysquare(mylog(mysquare(myexp(+(-10.0, -1.0))))), Chord length(m)))), mydiv(100.0, mysquare(mylog(-(Frequency(Hz), +(Angle of attack(degrees), myprod(Frequency(Hz), mysqrt(mysqrt(Chord length(m))))))))))"
airfoil,29,37.579499599,6.256783366486059,6.453322616167723,44,44,10,"-(mysqrt(myexp(10.0)), -(myexp(+(Suction side displacement thickness(m), +(Suction side displacement thickness(m), +(Suction side displacement thickness(m), +(1.0, mysquare(-1.571)))))), -(10.0, -(-(-(myprod(-3.142, -(myexp(Chord length(m)), mysquare(1.0))), mysquare(-1.571)), myprod(-3.142, -(Chord length(m), myprod(-3.142, Chord length(m))))), myprod(-3.142, -(Chord length(m), myprod(-3.142, Chord length(m))))))))"
airfoil,30,24.5469093,6.015134996094904,6.3698294877647585,16,16,9,"-(mysqrt(myexp(mydiv(mysquare(3.142), mysqrt(myexp(mydiv(Suction side displacement thickness(m), -(Angle of attack(degrees), Chord length(m)))))))), mylog(mysquare(Frequency(Hz))))"
cars,1,24.825712299,4.604825584094899,4.78171090858639,38,38,10,"myprod(+(-(0.0, mylog(mysqrt(weight))), myexp(mysquare(mylog(mydiv(10.0, mylog(+(3.142, cylinders))))))), mylog(+(cylinders, myprod(cylinders, myexp(+(myexp(mylog(mylog(cylinders))), +(mydiv(-(-10.0, -100.0), weight), mydiv(mydiv(horsepower, -100.0), cylinders))))))))"
cars,2,23.4718977,4.012547865021647,4.757251090552264,33,33,10,"mydiv(mysquare(-(+(-1.0, -10.0), mysqrt(10.0))), +(mydiv(horsepower, mysquare(mydiv(horsepower, mydiv(acceleration, -3.142)))), mydiv(-(-3.142, -(horsepower, mydiv(horsepower, mysquare(-(mylog(horsepower), mylog(weight)))))), +(-1.0, -10.0))))"
cars,3,21.2446749,4.733655050803606,4.457810160299638,28,28,10,"mysquare(mylog(mysqrt(myprod(-(mydiv(+(100.0, acceleration), displacement), mydiv(-(+(mysquare(1.571), acceleration), -10.0), -(100.0, mylog(mydiv(cylinders, acceleration))))), myexp(mysqrt(+(100.0, acceleration)))))))"
cars,4,15.612135099,4.716753204533142,5.040858889968824,25,25,9,"mysqrt(+(+(mydiv(-(mysquare(+(acceleration, 100.0)), weight), mysquare(cylinders)), acceleration), mydiv(-(-(-(mysquare(+(acceleration, cylinders)), horsepower), cylinders), cylinders), 3.142)))"
cars,5,51.4253817,3.8856044551633815,4.584855274392426,66,66,10,"-(-(1.0, mydiv(mydiv(myprod(1.571, mysquare(100.0)), +(mydiv(-1.571, +(cylinders, -3.142)), cylinders)), +(1.571, -(-(+(myprod(3.142, 100.0), 100.0), -100.0), weight)))), +(-(+(+(mysquare(-1.571), +(mydiv(-1.571, -3.142), cylinders)), mydiv(-1.571, +(+(mydiv(displacement, -3.142), -1.571), myprod(3.142, +(myexp(-100.0), myexp(3.142)))))), myexp(3.142)), -(mysqrt(-(+(myprod(3.142, horsepower), horsepower), 100.0)), myexp(3.142))))"
cars,6,33.971087699,4.022954477359552,4.7476301566539165,46,46,10,"mydiv(+(+(-1.0, myprod(mylog(mysquare(-1.571)), +(100.0, cylinders))), mydiv(mydiv(mysquare(-(mysqrt(weight), 100.0)), myprod(-1.0, mysquare(mydiv(horsepower, mylog(cylinders))))), myprod(mydiv(mydiv(-3.142, myprod(mylog(mysquare(-1.571)), +(100.0, cylinders))), cylinders), mylog(+(-1.0, +(-1.0, +(-1.0, 100.0))))))), cylinders)"
cars,7,23.837729001,3.689310616717231,4.635085028040665,53,53,9,"+(+(mydiv(mylog(myprod(myprod(myexp(horsepower), mysquare(horsepower)), mysquare(horsepower))), -(acceleration, myexp(cylinders))), +(mydiv(mylog(myprod(myexp(mydiv(horsepower, -10.0)), mysquare(-100.0))), cylinders), +(+(mydiv(100.0, cylinders), myexp(mydiv(horsepower, -100.0))), myexp(mydiv(horsepower, -100.0))))), mylog(+(acceleration, mysquare(myprod(cylinders, myprod(myexp(mydiv(horsepower, -10.0)), mysquare(-100.0)))))))"
cars,8,45.8343476,3.9934867254915494,4.451093413267115,63,63,10,"myprod(mylog(mysquare(mysquare(mydiv(myprod(mylog(mydiv(1.571, 1.0)), +(myprod(+(10.0, -3.142), -10.0), -3.142)), +(mysquare(mylog(horsepower)), -1.0))))), -(10.0, +(myprod(mysqrt(-(displacement, -3.142)), mydiv(+(-(displacement, horsepower), mysquare(acceleration)), +(weight, +(-1.0, -(myprod(displacement, -1.0), displacement))))), +(mydiv(myprod(+(10.0, +(10.0, horsepower)), -10.0), +(weight, myprod(+(10.0, horsepower), -10.0))), -3.142))))"
cars,9,36.467694901,4.05937151001232,4.5609470310008975,52,52,10,"-(-(mysquare(mysquare(mylog(10.0))), cylinders), mydiv(-(cylinders, +(myprod(mydiv(+(-3.142, mylog(mylog(acceleration))), horsepower), weight), +(mylog(myexp(-(-100.0, -3.142))), mysqrt(+(-100.0, myprod(myprod(-1.571, horsepower), -(1.571, displacement))))))), +(myprod(mydiv(mydiv(myprod(mydiv(cylinders, -(0.0, -100.0)), -100.0), mylog(acceleration)), 1.0), 10.0), cylinders)))"
cars,10,10.343672301,4.695139296606872,4.4058883574856,30,30,10,"-(-(myexp(myprod(mysqrt(mysquare(mylog(10.0))), 1.571)), myprod(mysqrt(cylinders), 1.571)), mydiv(displacement, mysquare(myprod(1.571, myexp(myexp(mydiv(-(+(cylinders, displacement), -10.0), +(-10.0, mysquare(horsepower)))))))))"
cars,11,13.092523,4.499691218055845,4.231244000974269,19,19,9,"myexp(-(mylog(mysqrt(myprod(mydiv(10.0, mydiv(displacement, 1.571)), +(mydiv(-1.0, acceleration), mysqrt(+(100.0, acceleration)))))), -3.142))"
cars,12,26.148686801,5.967027657673568,6.253117812182947,38,38,10,"mylog(+(myexp(+(acceleration, -(mysqrt(mysquare(+(-10.0, -3.142))), cylinders))), +(myprod(myprod(acceleration, myprod(acceleration, acceleration)), -(weight, myprod(acceleration, myprod(acceleration, myprod(acceleration, acceleration))))), myexp(+(acceleration, -(mysqrt(mysquare(+(-10.0, -3.142))), cylinders))))))"
cars,13,35.2572391,4.287295116857587,4.445809409478427,52,52,10,"-(-(+(mylog(10.0), +(10.0, myprod(mysqrt(myprod(displacement, 100.0)), mydiv(-1.571, -(10.0, +(cylinders, displacement)))))), mylog(mysquare(mydiv(mysquare(mydiv(mydiv(displacement, 10.0), mysquare(+(1.571, acceleration)))), mylog(100.0))))), mylog(mysquare(mydiv(mylog(mydiv(myexp(mysqrt(myprod(displacement, 100.0))), myexp(+(cylinders, displacement)))), mylog(mysquare(mylog(mysquare(10.0))))))))"
cars,14,23.325406,5.613802293849864,5.814699710111369,37,37,10,"mysqrt(-(myprod(-(+(-(1.571, mydiv(1.571, mydiv(displacement, -100.0))), 3.142), mysqrt(-(+(-10.0, +(displacement, -1.571)), myexp(myprod(mysquare(-1.571), +(-1.571, 3.142)))))), myexp(3.142)), mydiv(myprod(acceleration, -10.0), mydiv(1.0, mylog(100.0)))))"
cars,15,20.911991999,4.328838322473627,4.476658974575178,31,31,10,"mysquare(+(10.0, -(myprod(myprod(-10.0, -(displacement, mysquare(-(-1.571, -(1.0, acceleration))))), mydiv(myexp(-3.142), mysquare(myprod(mydiv(10.0, cylinders), myprod(mysqrt(1.571), mydiv(horsepower, -10.0)))))), mylog(displacement))))"
cars,16,21.901564301,3.938033324860537,4.66108351525532,33,33,9,"myprod(-10.0, mydiv(mylog(10.0), -(mydiv(10.0, +(+(1.571, +(-(horsepower, cylinders), -10.0)), -3.142)), mylog(+(mydiv(mysquare(-(horsepower, -10.0)), +(myexp(10.0), -100.0)), +(mydiv(cylinders, 3.142), 1.0))))))"
cars,17,30.272712601,4.055848349222146,5.215567571016684,54,54,9,"+(+(+(mydiv(horsepower, myexp(mylog(mysquare(mysquare(acceleration))))), mydiv(horsepower, myprod(myexp(mydiv(horsepower, -100.0)), +(acceleration, myexp(cylinders))))), mydiv(horsepower, +(mysqrt(myexp(acceleration)), +(mydiv(horsepower, +(mydiv(horsepower, acceleration), -10.0)), mydiv(horsepower, +(mydiv(horsepower, acceleration), -10.0)))))), +(mylog(displacement), myexp(myexp(mysqrt(myexp(+(mydiv(horsepower, -100.0), 1.0)))))))"
cars,18,13.621738,4.350200058278548,5.018357539777987,18,18,7,"-(mysquare(3.142), -(mysquare(mylog(horsepower)), -(myexp(3.142), -(mysquare(mylog(horsepower)), +(10.0, myexp(3.142))))))"
cars,19,15.3874734,4.127911633395163,4.094337712930354,28,28,10,"mysqrt(myprod(mylog(mysquare(+(-100.0, +(-100.0, +(-100.0, horsepower))))), mydiv(mysquare(+(-100.0, cylinders)), +(displacement, mydiv(horsepower, mysquare(mysquare(mydiv(myexp(cylinders), myprod(acceleration, 1.571)))))))))"
cars,20,3.7368231,5.411364945677041,6.352047274260271,15,15,6,"mysquare(+(+(mysqrt(acceleration), mydiv(acceleration, -(acceleration, 100.0))), +(0.0, mydiv(100.0, horsepower))))"
cars,21,17.348685201,4.261280243320458,4.1868661110997305,21,21,9,"mysqrt(mysquare(myprod(+(mydiv(-(10.0, 1.0), 3.142), +(1.0, -10.0)), mysquare(mydiv(-100.0, +(-3.142, -(mysqrt(weight), -1.571)))))))"
cars,22,20.8709162,4.211231291760853,4.931852418099831,35,35,9,"mydiv(+(100.0, mydiv(+(100.0, +(100.0, mydiv(100.0, mydiv(mydiv(1.0, cylinders), mydiv(3.142, horsepower))))), mydiv(mydiv(mydiv(1.0, cylinders), mydiv(3.142, horsepower)), mydiv(3.142, mydiv(mydiv(1.0, cylinders), mydiv(3.142, horsepower)))))), cylinders)"
cars,23,17.126182401,4.469460054827095,5.265295701708499,34,34,10,"-(myprod(mydiv(-1.0, cylinders), -100.0), mydiv(-1.0, myprod(mydiv(-1.0, +(+(+(myprod(-1.0, -100.0), -1.0), cylinders), +(myprod(-(+(cylinders, cylinders), acceleration), cylinders), mysquare(mydiv(acceleration, -1.0))))), -(cylinders, horsepower))))"
cars,24,20.3106308,4.653347514771134,4.845084842132359,30,30,10,"-(acceleration, mydiv(myprod(mysquare(10.0), -3.142), mydiv(myprod(cylinders, displacement), mysqrt(-(myprod(displacement, mydiv(myprod(10.0, cylinders), acceleration)), myprod(-(cylinders, mydiv(myexp(3.142), 10.0)), +(-100.0, displacement)))))))"
cars,25,18.619874999,4.495208658583016,4.261705767544713,27,27,9,"-(-(mysquare(-(-3.142, myexp(mylog(-(3.142, mydiv(1.571, -3.142)))))), mysquare(mydiv(mylog(+(displacement, myprod(3.142, -10.0))), mylog(-(3.142, mydiv(1.571, -10.0)))))), cylinders)"
cars,26,15.767183501,4.384877917954772,5.279572523887552,20,20,9,"mysqrt(mysquare(mydiv(myprod(1.571, 100.0), +(cylinders, mydiv(mydiv(+(horsepower, -10.0), acceleration), mysqrt(+(-(acceleration, 10.0), cylinders)))))))"
cars,27,30.980857801,5.01924780568257,5.241582421250829,52,52,9,"myprod(mylog(myexp(myprod(mylog(myexp(mylog(mysquare(cylinders)))), myexp(mydiv(10.0, cylinders))))), myprod(myprod(mylog(mylog(mysquare(cylinders))), myexp(myprod(mydiv(10.0, -(-100.0, mysquare(acceleration))), myexp(myexp(mydiv(1.0, -100.0)))))), myexp(myprod(myprod(mydiv(10.0, -(-100.0, mysquare(acceleration))), myexp(myexp(mydiv(1.0, cylinders)))), myexp(myexp(mydiv(mysquare(acceleration), -100.0)))))))"
cars,28,7.769791901,5.073465251956916,4.930930466269291,9,9,7,"myexp(mylog(+(3.142, mydiv(myexp(mylog(100.0)), cylinders))))"
cars,29,12.867863301,4.09712875990077,5.071489700575985,26,26,10,"mydiv(mysquare(-(mydiv(+(mysqrt(myprod(mysquare(cylinders), +(mysquare(acceleration), cylinders))), acceleration), horsepower), -10.0)), +(myprod(horsepower, mysquare(mydiv(-10.0, mysquare(mysquare(cylinders))))), cylinders))"
cars,30,19.0847961,5.055838275374162,5.798109680529486,28,28,10,"+(acceleration, mylog(mysquare(+(+(mysqrt(weight), +(myexp(-3.142), -100.0)), +(myprod(-(cylinders, acceleration), myexp(-3.142)), -(myexp(-(mysquare(3.142), cylinders)), myprod(cylinders, -3.142)))))))"
concrete,1,33.267123699,10.192670724616264,10.034777577342842,44,44,10,"mylog(myprod(+(mydiv(myprod(Age (day), -(mysqrt(Coarse Aggregate  (component 6)(kg in a m^3 mixture)), -(Cement (component 1)(kg in a m^3 mixture), 100.0))), Water  (component 4)(kg in a m^3 mixture)), mysquare(myprod(myprod(Age (day), mydiv(myprod(Age (day), Cement (component 1)(kg in a m^3 mixture)), Water  (component 4)(kg in a m^3 mixture))), mydiv(myprod(Age (day), -(mysqrt(Coarse Aggregate  (component 6)(kg in a m^3 mixture)), -(Cement (component 1)(kg in a m^3 mixture), 100.0))), Water  (component 4)(kg in a m^3 mixture))))), myprod(myexp(Superplasticizer (component 5)(kg in a m^3 mixture)), myprod(myprod(Age (day), +(3.142, Blast Furnace Slag (component 2)(kg in a m^3 mixture))), -(Cement (component 1)(kg in a m^3 mixture), 100.0)))))"
concrete,2,20.871393099,10.48676877199152,10.673349483422669,30,30,9,"myprod(mysqrt(mysqrt(myprod(mysqrt(Cement (component 1)(kg in a m^3 mixture)), myprod(mysqrt(-(Fly Ash (component 3)(kg in a m^3 mixture), -(-100.0, Superplasticizer (component 5)(kg in a m^3 mixture)))), mysquare(-(-100.0, Superplasticizer (component 5)(kg in a m^3 mixture))))))), mylog(mylog(mysqrt(myprod(mysqrt(Cement (component 1)(kg in a m^3 mixture)), mydiv(Age (day), mydiv(-(Fine Aggregate (component 7)(kg in a m^3 mixture), Cement (component 1)(kg in a m^3 mixture)), Cement (component 1)(kg in a m^3 mixture))))))))"
concrete,3,32.693772899,14.47696022566334,14.90566462437415,31,31,10,"myexp(myprod(+(mydiv(mydiv(mysqrt(Age (day)), myexp(myexp(myprod(Blast Furnace Slag (component 2)(kg in a m^3 mixture), -1.571)))), myprod(+(mylog(Fine Aggregate (component 7)(kg in a m^3 mixture)), mydiv(-3.142, mysqrt(Superplasticizer (component 5)(kg in a m^3 mixture)))), mysqrt(myexp(myprod(mydiv(Coarse Aggregate  (component 6)(kg in a m^3 mixture), Cement (component 1)(kg in a m^3 mixture)), 1.571))))), 1.571), mylog(mysqrt(100.0))))"
concrete,4,11.9029011,15.750526429609087,16.35885395780479,13,13,10,"mydiv(100.0, mylog(mylog(mysquare(-(mysquare(mysquare(myexp(mydiv(10.0, Age (day))))), Coarse Aggregate  (component 6)(kg in a m^3 mixture))))))"
concrete,5,17.589333001,8.941630224386138,9.029852119589531,18,18,8,"mysqrt(myprod(myprod(Cement (component 1)(kg in a m^3 mixture), mylog(Age (day))), mysqrt(+(mysqrt(+(mysqrt(Superplasticizer (component 5)(kg in a m^3 mixture)), mysqrt(Superplasticizer (component 5)(kg in a m^3 mixture)))), myexp(mydiv(Blast Furnace Slag (component 2)(kg in a m^3 mixture), Water  (component 4)(kg in a m^3 mixture)))))))"
concrete,6,32.7108485,10.81034225328395,10.780734572966558,34,34,10,"+(mylog(mysquare(myexp(myexp(mysquare(mysqrt(mysqrt(mydiv(Cement (component 1)(kg in a m^3 mixture), 100.0)))))))), mylog(mysquare(-(Superplasticizer (component 5)(kg in a m^3 mixture), myprod(-(-(mysquare(Age (day)), 3.142), mysqrt(myprod(3.142, 10.0))), -(+(Age (day), myprod(myprod(1.0, Superplasticizer (component 5)(kg in a m^3 mixture)), Cement (component 1)(kg in a m^3 mixture))), 10.0))))))"
concrete,7,24.2946103,10.4765967721746,10.503126693340102,43,43,10,"+(-(Superplasticizer (component 5)(kg in a m^3 mixture), mydiv(mysqrt(Fly Ash (component 3)(kg in a m^3 mixture)), myexp(mysqrt(mysqrt(mysqrt(Blast Furnace Slag (component 2)(kg in a m^3 mixture))))))), -(+(mylog(mysquare(myprod(Age (day), mydiv(mysquare(Age (day)), Fine Aggregate (component 7)(kg in a m^3 mixture))))), -(mylog(mysquare(myprod(Age (day), mysquare(+(Cement (component 1)(kg in a m^3 mixture), -3.142))))), 3.142)), mydiv(Superplasticizer (component 5)(kg in a m^3 mixture), -(1.571, mylog(+(mysqrt(Fly Ash (component 3)(kg in a m^3 mixture)), mysquare(-(10.0, Fly Ash (component 3)(kg in a m^3 mixture)))))))))"
concrete,8,15.8249841,10.241001907546154,10.03075686419749,36,36,10,"+(-(+(+(+(mysqrt(Cement (component 1)(kg in a m^3 mixture)), +(mylog(Age (day)), mydiv(myprod(mydiv(1.0, -1.0), mysqrt(Coarse Aggregate  (component 6)(kg in a m^3 mixture))), Age (day)))), +(mylog(Age (day)), mydiv(-(Age (day), Fly Ash (component 3)(kg in a m^3 mixture)), mysquare(mylog(Fly Ash (component 3)(kg in a m^3 mixture)))))), Superplasticizer (component 5)(kg in a m^3 mixture)), -1.0), -(mysqrt(Cement (component 1)(kg in a m^3 mixture)), +(3.142, 3.142)))"
concrete,9,22.224244,11.321807010474036,16.995819620116816,44,44,9,"-(myexp(-(-(myprod(1.0, mysqrt(mylog(+(Cement (component 1)(kg in a m^3 mixture), Blast Furnace Slag (component 2)(kg in a m^3 mixture))))), -1.571), mydiv(mysquare(-10.0), +(Cement (component 1)(kg in a m^3 mixture), Age (day))))), mydiv(Cement (component 1)(kg in a m^3 mixture), -(-(-(-(myprod(1.0, mysquare(Age (day))), -10.0), Age (day)), mydiv(Cement (component 1)(kg in a m^3 mixture), -100.0)), mydiv(myprod(-1.571, -(-100.0, myprod(-1.571, -100.0))), +(Cement (component 1)(kg in a m^3 mixture), -100.0)))))"
concrete,10,38.0850967,11.580706284746949,12.076755425268791,61,61,10,"mydiv(+(1.571, myprod(myprod(mydiv(-1.571, 10.0), myprod(1.0, myprod(mysqrt(Fine Aggregate (component 7)(kg in a m^3 mixture)), mydiv(10.0, Cement (component 1)(kg in a m^3 mixture))))), myprod(1.0, myprod(mysqrt(Fine Aggregate (component 7)(kg in a m^3 mixture)), mydiv(10.0, Cement (component 1)(kg in a m^3 mixture)))))), myprod(myexp(myprod(myprod(1.0, mysqrt(mydiv(Age (day), mysquare(myprod(Water  (component 4)(kg in a m^3 mixture), 1.571))))), -10.0)), myexp(+(-3.142, myprod(myprod(mysqrt(Fine Aggregate (component 7)(kg in a m^3 mixture)), mydiv(10.0, Cement (component 1)(kg in a m^3 mixture))), myprod(myprod(mysqrt(Fine Aggregate (component 7)(kg in a m^3 mixture)), mydiv(10.0, Cement (component 1)(kg in a m^3 mixture))), myprod(mydiv(-10.0, Age (day)), mydiv(-1.571, 10.0))))))))"
concrete,11,9.343844499,11.3786282942129,11.169062029561347,13,13,7,"myprod(mysqrt(+(Superplasticizer (component 5)(kg in a m^3 mixture), +(Superplasticizer (component 5)(kg in a m^3 mixture), myprod(mylog(Cement (component 1)(kg in a m^3 mixture)), mysqrt(Age (day)))))), mylog(Cement (component 1)(kg in a m^3 mixture)))"
concrete,12,14.9732312,10.33269158267685,10.1760583233472,31,31,10,"mysqrt(mysqrt(myprod(mysquare(mylog(+(+(mylog(+(1.571, -1.0)), myprod(-1.0, +(Superplasticizer (component 5)(kg in a m^3 mixture), Superplasticizer (component 5)(kg in a m^3 mixture)))), +(myprod(Superplasticizer (component 5)(kg in a m^3 mixture), Age (day)), Age (day))))), +(Cement (component 1)(kg in a m^3 mixture), +(Cement (component 1)(kg in a m^3 mixture), +(Cement (component 1)(kg in a m^3 mixture), +(Cement (component 1)(kg in a m^3 mixture), mysquare(Cement (component 1)(kg in a m^3 mixture)))))))))"
concrete,13,4.8183341,14.044829592421776,13.241362367455936,5,5,3,"+(Superplasticizer (component 5)(kg in a m^3 mixture), mydiv(Cement (component 1)(kg in a m^3 mixture), 10.0))"
concrete,14,31.6253515,8.950134836801286,9.06011954806543,57,57,10,"+(mydiv(mysqrt(Cement (component 1)(kg in a m^3 mixture)), +(myexp(myprod(3.142, mydiv(myexp(-1.0), Age (day)))), mydiv(+(+(mydiv(3.142, mydiv(Age (day), Fly Ash (component 3)(kg in a m^3 mixture))), mydiv(-1.571, Superplasticizer (component 5)(kg in a m^3 mixture))), mydiv(-1.571, Superplasticizer (component 5)(kg in a m^3 mixture))), mysqrt(Cement (component 1)(kg in a m^3 mixture))))), +(+(mysqrt(Age (day)), mysqrt(Cement (component 1)(kg in a m^3 mixture))), mydiv(mysqrt(Cement (component 1)(kg in a m^3 mixture)), +(myprod(3.142, myprod(3.142, mydiv(myexp(mydiv(-1.0, -1.0)), Age (day)))), mysqrt(myexp(mydiv(3.142, +(+(Blast Furnace Slag (component 2)(kg in a m^3 mixture), -1.0), 3.142))))))))"
concrete,15,17.357158699,11.006464951996163,10.622287415107241,24,24,10,"myexp(mysqrt(-(10.0, mylog(mydiv(mysquare(mysquare(mydiv(mysqrt(Coarse Aggregate  (component 6)(kg in a m^3 mixture)), mysqrt(Cement (component 1)(kg in a m^3 mixture))))), +(myprod(Superplasticizer (component 5)(kg in a m^3 mixture), +(Age (day), Age (day))), +(+(Age (day), Age (day)), -1.571)))))))"
concrete,16,12.490785199,9.608091295187426,9.79558125416447,21,21,9,"mysquare(mylog(myprod(myprod(mydiv(Cement (component 1)(kg in a m^3 mixture), Coarse Aggregate  (component 6)(kg in a m^3 mixture)), +(+(+(+(Cement (component 1)(kg in a m^3 mixture), Blast Furnace Slag (component 2)(kg in a m^3 mixture)), -100.0), +(Superplasticizer (component 5)(kg in a m^3 mixture), mysquare(Superplasticizer (component 5)(kg in a m^3 mixture)))), Superplasticizer (component 5)(kg in a m^3 mixture))), mysqrt(Age (day)))))"
concrete,17,27.9362284,10.008094767976282,10.439150312795833,41,41,10,"mylog(mydiv(mysquare(+(+(myprod(+(Cement (component 1)(kg in a m^3 mixture), -(-1.571, +(-1.571, Water  (component 4)(kg in a m^3 mixture)))), mysquare(mysquare(Age (day)))), -100.0), mysquare(mysquare(Age (day))))), mydiv(mysquare(myprod(+(mysquare(mydiv(-10.0, myexp(Blast Furnace Slag (component 2)(kg in a m^3 mixture)))), -(mylog(mysqrt(Cement (component 1)(kg in a m^3 mixture))), mylog(-(Superplasticizer (component 5)(kg in a m^3 mixture), -1.0)))), Water  (component 4)(kg in a m^3 mixture))), myexp(mysqrt(Cement (component 1)(kg in a m^3 mixture))))))"
concrete,18,6.435158001,12.738896382893671,12.127290731912057,14,14,6,"myprod(mylog(+(Cement (component 1)(kg in a m^3 mixture), myprod(-1.0, +(Water  (component 4)(kg in a m^3 mixture), -100.0)))), mylog(+(Cement (component 1)(kg in a m^3 mixture), mysquare(Age (day)))))"
concrete,19,20.706611901,10.54229216219869,10.433290893769799,33,33,10,"+(+(mysqrt(Cement (component 1)(kg in a m^3 mixture)), mylog(mysquare(-(mylog(mysquare(-(100.0, 3.142))), mysquare(Age (day)))))), mylog(mysquare(myprod(-(mylog(mydiv(+(Age (day), mysquare(-10.0)), +(3.142, myprod(Blast Furnace Slag (component 2)(kg in a m^3 mixture), Age (day))))), 3.142), mysqrt(myexp(Superplasticizer (component 5)(kg in a m^3 mixture)))))))"
concrete,20,23.7618718,11.714882366990448,11.778795984177622,34,34,10,"mysqrt(myexp(mylog(-(myprod(-(-10.0, +(Water  (component 4)(kg in a m^3 mixture), Water  (component 4)(kg in a m^3 mixture))), +(1.571, myexp(myexp(-(-1.571, Superplasticizer (component 5)(kg in a m^3 mixture)))))), myprod(mylog(Coarse Aggregate  (component 6)(kg in a m^3 mixture)), -(-(-(-1.571, Superplasticizer (component 5)(kg in a m^3 mixture)), Age (day)), -(Cement (component 1)(kg in a m^3 mixture), myprod(myexp(-1.0), mydiv(Blast Furnace Slag (component 2)(kg in a m^3 mixture), -1.0)))))))))"
concrete,21,22.5011437,10.556439447984449,10.485673643264322,27,27,10,"+(10.0, +(myexp(-(mylog(Superplasticizer (component 5)(kg in a m^3 mixture)), mydiv(mylog(10.0), -10.0))), mysquare(myexp(-(mylog(mylog(-(Cement (component 1)(kg in a m^3 mixture), Superplasticizer (component 5)(kg in a m^3 mixture)))), mydiv(mysqrt(+(10.0, +(1.0, Fly Ash (component 3)(kg in a m^3 mixture)))), Age (day)))))))"
concrete,22,15.8612443,12.538536973129881,12.634959219474752,22,22,10,"mylog(mysqrt(+(mysquare(mysquare(mysquare(myprod(mysqrt(+(10.0, -1.571)), mysquare(Age (day)))))), mysquare(mysquare(mysquare(myprod(myexp(mysqrt(Superplasticizer (component 5)(kg in a m^3 mixture))), mysquare(Age (day)))))))))"
concrete,23,13.290017501,12.73194798525603,12.775238326125358,28,28,10,"myprod(mysquare(-3.142), +(mysqrt(mysqrt(mydiv(Age (day), mysqrt(mysqrt(mydiv(-(Water  (component 4)(kg in a m^3 mixture), Superplasticizer (component 5)(kg in a m^3 mixture)), mysquare(3.142))))))), mysqrt(+(mysqrt(mydiv(Age (day), mysqrt(mysquare(+(-10.0, Fly Ash (component 3)(kg in a m^3 mixture)))))), mysqrt(Superplasticizer (component 5)(kg in a m^3 mixture))))))"
concrete,24,12.213294,10.904203881311487,10.771780297094011,26,26,9,"mysqrt(+(Cement (component 1)(kg in a m^3 mixture), +(Cement (component 1)(kg in a m^3 mixture), +(Cement (component 1)(kg in a m^3 mixture), +(+(+(Blast Furnace Slag (component 2)(kg in a m^3 mixture), myprod(Age (day), 3.142)), -100.0), +(+(myprod(Age (day), Superplasticizer (component 5)(kg in a m^3 mixture)), -100.0), +(Blast Furnace Slag (component 2)(kg in a m^3 mixture), myprod(Age (day), Superplasticizer (component 5)(kg in a m^3 mixture)))))))))"
concrete,25,23.5180821,12.188137524500899,12.99511763347525,34,34,9,"mylog(mydiv(myprod(myexp(mysqrt(+(Fine Aggregate (component 7)(kg in a m^3 mixture), +(-(Cement (component 1)(kg in a m^3 mixture), Water  (component 4)(kg in a m^3 mixture)), Cement (component 1)(kg in a m^3 mixture))))), mysquare(Age (day))), +(mydiv(Coarse Aggregate  (component 6)(kg in a m^3 mixture), mysquare(Age (day))), mydiv(Coarse Aggregate  (component 6)(kg in a m^3 mixture), +(mydiv(1.0, mydiv(Coarse Aggregate  (component 6)(kg in a m^3 mixture), mysquare(Age (day)))), mydiv(1.0, mydiv(Coarse Aggregate  (component 6)(kg in a m^3 mixture), myexp(Blast Furnace Slag (component 2)(kg in a m^3 mixture)))))))))"
concrete,26,16.690244101,11.985840376491433,11.805372453972293,30,30,9,"mylog(-(-(-(mysquare(100.0), myprod(mysquare(mysquare(mysquare(Age (day)))), myprod(myexp(Superplasticizer (component 5)(kg in a m^3 mixture)), -(-1.571, Cement (component 1)(kg in a m^3 mixture))))), mysquare(mysquare(mysquare(Age (day))))), myprod(myprod(mysquare(mysquare(mysquare(Age (day)))), 100.0), myexp(Superplasticizer (component 5)(kg in a m^3 mixture)))))"
concrete,27,32.7246633,8.683154597676813,8.085915370796254,52,52,10,"mysqrt(+(+(mydiv(10.0, mydiv(mydiv(Water  (component 4)(kg in a m^3 mixture), mysqrt(myprod(Age (day), 10.0))), Cement (component 1)(kg in a m^3 mixture))), mydiv(mydiv(Water  (component 4)(kg in a m^3 mixture), 10.0), mydiv(mydiv(Water  (component 4)(kg in a m^3 mixture), mysqrt(myprod(Age (day), 10.0))), Cement (component 1)(kg in a m^3 mixture)))), mydiv(mydiv(Water  (component 4)(kg in a m^3 mixture), +(mydiv(Age (day), Superplasticizer (component 5)(kg in a m^3 mixture)), mydiv(Water  (component 4)(kg in a m^3 mixture), +(myexp(mysquare(-1.0)), mysqrt(10.0))))), mydiv(mydiv(Water  (component 4)(kg in a m^3 mixture), mysqrt(myprod(Age (day), +(Cement (component 1)(kg in a m^3 mixture), Blast Furnace Slag (component 2)(kg in a m^3 mixture))))), +(Cement (component 1)(kg in a m^3 mixture), Blast Furnace Slag (component 2)(kg in a m^3 mixture))))))"
concrete,28,19.367776199,12.34080971923473,12.285349875975017,30,30,10,"mysqrt(mydiv(mysquare(mylog(mysquare(+(myprod(Cement (component 1)(kg in a m^3 mixture), myprod(Cement (component 1)(kg in a m^3 mixture), -10.0)), mysquare(myprod(Cement (component 1)(kg in a m^3 mixture), Age (day))))))), myexp(mydiv(3.142, +(-10.0, +(-10.0, myprod(mylog(mysqrt(Superplasticizer (component 5)(kg in a m^3 mixture))), mysqrt(-(-1.571, -100.0)))))))))"
concrete,29,9.1330191,11.824482465151704,11.691464142996981,12,12,8,"mysquare(mylog(myprod(mysquare(mylog(myprod(Age (day), -(Superplasticizer (component 5)(kg in a m^3 mixture), -1.571)))), mysqrt(Cement (component 1)(kg in a m^3 mixture)))))"
concrete,30,19.2868687,10.283197076905289,10.987972085797269,29,29,10,"myexp(mysqrt(+(mylog(Age (day)), mysqrt(+(+(+(+(mysquare(-10.0), Superplasticizer (component 5)(kg in a m^3 mixture)), Superplasticizer (component 5)(kg in a m^3 mixture)), mydiv(-(Blast Furnace Slag (component 2)(kg in a m^3 mixture), Water  (component 4)(kg in a m^3 mixture)), myexp(mydiv(Cement (component 1)(kg in a m^3 mixture), Water  (component 4)(kg in a m^3 mixture))))), myexp(mydiv(Cement (component 1)(kg in a m^3 mixture), mysquare(+(-1.0, -10.0)))))))))"
energyCooling,1,24.2742546,3.858105332980912,3.4243815417590686,37,37,9,"+(10.0, +(10.0, -(-(mysquare(mydiv(Overall height, mysqrt(myprod(Relative Compactness, 3.142)))), -(+(1.571, +(mysqrt(3.142), 3.142)), mysquare(mydiv(Overall height, -3.142)))), -(+(mysqrt(myprod(Relative Compactness, 3.142)), 3.142), +(mysqrt(mylog(myexp(Glazing area))), Glazing area)))))"
energyCooling,2,21.2728652,3.6116577057036814,3.704010401796036,31,31,10,"+(+(myprod(Overall height, myexp(mydiv(mysqrt(myexp(myprod(Overall height, Glazing area))), mysquare(myexp(mysquare(Relative Compactness)))))), +(-(Overall height, mylog(-(mysquare(myexp(mysquare(Relative Compactness))), myprod(-1.571, mydiv(Overall height, -100.0))))), Overall height)), Overall height)"
energyCooling,3,16.8094609,4.117785686278851,3.697253449460648,33,33,10,"mysqrt(-(Wall area, -(Roof Area, +(+(+(-(Roof Area, mysquare(+(10.0, -1.0))), myexp(Overall height)), -(Roof Area, -(100.0, -100.0))), -(Roof Area, -(100.0, mydiv(-(100.0, -100.0), -(mylog(Relative Compactness), 1.0))))))))"
energyCooling,4,24.1842145,3.341216648159712,3.124205310460329,41,41,10,"+(+(+(myprod(Overall height, mylog(+(myprod(100.0, Glazing area), mysqrt(-(Wall area, 100.0))))), mydiv(-(mysqrt(-(Wall area, mydiv(-(Roof Area, 100.0), Overall height))), 10.0), -(10.0, -(mysqrt(-(Wall area, 100.0)), 10.0)))), mydiv(100.0, -(100.0, -(Wall area, 100.0)))), Overall height)"
energyCooling,5,12.523803999,3.8773867324519027,3.544985081032715,22,22,10,"myprod(1.571, myprod(-(1.571, -(Overall height, -1.0)), -(-3.142, +(mydiv(-1.0, myexp(mysquare(+(myprod(-3.142, 1.571), mylog(Surface Area))))), Glazing area))))"
energyCooling,6,18.284200401,4.263672859628654,3.8487512159538917,28,28,10,"mysqrt(-(Glazing area distribution, +(+(-(-1.571, myexp(Overall height)), mydiv(-1.571, mydiv(myexp(mydiv(mydiv(Overall height, Glazing area), mydiv(Roof Area, Overall height))), +(+(100.0, -10.0), +(100.0, -3.142))))), -10.0)))"
energyCooling,7,28.528972999,3.377203567533355,3.2189425878264695,50,50,9,"+(+(myexp(+(mydiv(mysqrt(myprod(100.0, -(-1.0, -1.571))), mysqrt(myprod(100.0, Relative Compactness))), mysqrt(Overall height))), myprod(+(mydiv(-1.571, +(mydiv(-1.571, mysqrt(Overall height)), mysqrt(Overall height))), -1.571), Relative Compactness)), myprod(+(Relative Compactness, myprod(+(Relative Compactness, mysqrt(Overall height)), mydiv(myprod(Glazing area, mysqrt(Overall height)), Relative Compactness))), mydiv(myprod(Glazing area, mysqrt(Overall height)), Relative Compactness)))"
energyCooling,8,13.2686449,3.2633981573800472,3.181306368428842,21,21,9,"myprod(mydiv(Overall height, mydiv(Relative Compactness, mysquare(mylog(+(3.142, Glazing area))))), mylog(mydiv(Overall height, mydiv(Relative Compactness, mylog(+(mysquare(myexp(Relative Compactness)), Relative Compactness))))))"
energyCooling,9,34.0068236,3.5367217427648954,3.213825581637639,66,66,9,"+(+(+(+(+(+(Overall height, mysqrt(Wall area)), +(Glazing area, +(Glazing area, +(Glazing area, Glazing area)))), -1.571), +(Glazing area, +(Glazing area, +(Glazing area, +(Glazing area, +(Glazing area, Overall height)))))), -3.142), +(+(Glazing area, +(Glazing area, +(Glazing area, +(Glazing area, +(Glazing area, Overall height))))), mydiv(+(myprod(100.0, +(Glazing area, +(Glazing area, -10.0))), +(+(mydiv(Surface Area, mydiv(Overall height, -10.0)), 100.0), +(Overall height, +(Overall height, +(Overall height, Overall height))))), Wall area)))"
energyCooling,10,7.9755596,4.028241184034607,3.7886192257477496,10,10,8,"mysquare(+(Glazing area, +(Glazing area, mylog(mysquare(myexp(mysqrt(Overall height)))))))"
energyCooling,11,7.791341101,6.44494303012322,6.064310547040753,15,15,10,"mysquare(myprod(Relative Compactness, mysquare(mydiv(mylog(Wall area), mylog(mysquare(myexp(myprod(mysquare(1.571), mylog(1.571)))))))))"
energyCooling,12,10.4698277,4.156265666378515,3.698847398621553,17,17,10,"+(-1.0, +(-1.0, mysqrt(myprod(mysqrt(myprod(mysquare(Overall height), +(Surface Area, mysquare(-(Overall height, Relative Compactness))))), Overall height))))"
energyCooling,13,27.106536401,4.668254500094647,4.11832807601247,40,40,10,"-(myprod(10.0, mysqrt(10.0)), myprod(mydiv(1.571, +(+(-(+(Overall height, mysquare(Overall height)), 10.0), +(mysqrt(Glazing area), +(myexp(Overall height), mysqrt(Glazing area)))), +(mysqrt(Glazing area), +(mydiv(myexp(mylog(Wall area)), mylog(mysquare(100.0))), +(1.571, mysqrt(Glazing area)))))), Surface Area))"
energyCooling,14,8.0769284,4.398671953596824,3.8657143078282328,19,19,10,"+(Overall height, myprod(3.142, mylog(-(mysquare(mysquare(Overall height)), -(100.0, mysquare(mydiv(mysquare(Overall height), mylog(mydiv(3.142, Glazing area)))))))))"
energyCooling,15,10.962440401,3.421609309952336,3.1496522448895408,28,28,10,"myprod(mysqrt(mysqrt(myprod(myexp(Glazing area), myprod(myexp(Glazing area), -(-(+(Wall area, -10.0), mysqrt(100.0)), +(-(-(Relative Compactness, Glazing area), -(Glazing area, Relative Compactness)), -(Relative Compactness, Glazing area))))))), Overall height)"
energyCooling,16,8.7527785,4.009214090453297,3.5620739882242365,21,21,10,"myprod(mysqrt(mysqrt(-(Surface Area, mysqrt(+(myprod(mysquare(Roof Area), myexp(-(Relative Compactness, Glazing area distribution))), myprod(mysquare(Roof Area), -(Relative Compactness, Glazing area))))))), Overall height)"
energyCooling,17,10.7798779,3.7850658829666246,3.485984944231914,25,25,10,"myprod(mysqrt(mysqrt(mysqrt(+(myprod(-(mysqrt(Overall height), -1.0), Glazing area), mylog(mysquare(mylog(-(3.142, Glazing area)))))))), myprod(mylog(mysqrt(mysquare(-100.0))), +(Overall height, Glazing area)))"
energyCooling,18,13.650851699,3.900676539054653,3.8758295051747793,18,18,9,"mysqrt(mysqrt(-(mysquare(myexp(mysqrt(mysqrt(myprod(Overall height, Wall area))))), myexp(mysqrt(+(mydiv(Wall area, Overall height), mysqrt(Wall area)))))))"
energyCooling,19,8.804741901,3.785669972488712,3.8198796514290527,24,24,10,"+(Overall height, +(Overall height, +(Overall height, +(Overall height, +(Overall height, +(+(myprod(Glazing area, Overall height), mydiv(mysquare(-3.142), -(Relative Compactness, 3.142))), myprod(Glazing area, Overall height)))))))"
energyCooling,20,11.6208901,4.25140574517847,4.200254912718975,20,20,10,"mysqrt(+(myexp(Overall height), mysquare(mysquare(mylog(mysqrt(-(+(-3.142, myprod(Orientation, -100.0)), +(myexp(Overall height), myprod(Surface Area, -3.142)))))))))"
energyCooling,21,11.9636172,3.472028576504067,3.3146854475960756,28,28,10,"+(Overall height, +(Overall height, +(Overall height, mysqrt(mydiv(mysquare(myprod(Wall area, Overall height)), myprod(-(100.0, +(myprod(-3.142, 10.0), +(-100.0, 10.0))), myprod(-(-100.0, 10.0), mylog(Glazing area))))))))"
energyCooling,22,32.651199099,4.1766128627063654,4.153836803648552,50,50,11,"-(mysqrt(mysqrt(+(myexp(+(Overall height, mylog(mydiv(1.571, mydiv(3.142, Wall area))))), +(-(myprod(mysquare(-100.0), +(10.0, 100.0)), -100.0), myprod(+(100.0, myprod(100.0, Overall height)), -100.0))))), myprod(mylog(mysquare(-(myprod(Roof Area, mysquare(mydiv(-100.0, myprod(myexp(-10.0), Surface Area)))), Surface Area))), mydiv(1.571, myexp(myexp(-(Overall height, 3.142))))))"
energyCooling,23,10.009687401,4.152568004995713,4.137396605350728,12,12,8,"+(Overall height, +(Overall height, +(Overall height, +(mysquare(mysquare(myexp(Glazing area))), Overall height))))"
energyCooling,24,9.4929868,3.7180991584616625,3.736555255053493,24,24,10,"+(Overall height, +(Overall height, +(Overall height, +(Overall height, +(mysqrt(myprod(Wall area, Glazing area)), -(0.0, mydiv(mysqrt(Surface Area), +(myexp(Relative Compactness), -(Overall height, Relative Compactness)))))))))"
energyCooling,25,14.1794881,3.698882255048577,3.769848496946614,28,28,10,"myexp(mysqrt(+(+(+(Overall height, mylog(myprod(myexp(myexp(-3.142)), -(-10.0, myprod(-10.0, Overall height))))), mydiv(mylog(myexp(Glazing area)), mylog(1.571))), mydiv(mylog(myexp(Glazing area)), mylog(1.571)))))"
energyCooling,26,14.4500474,3.537521774937998,3.584423238685048,28,28,9,"mysqrt(+(mysqrt(mydiv(mysquare(Wall area), mysqrt(-(Overall height, myprod(Glazing area, +(Overall height, 1.571)))))), mysquare(-(mysqrt(myexp(Overall height)), -(Overall height, myprod(Glazing area, +(Overall height, +(Overall height, 1.571))))))))"
energyCooling,27,16.508868799,3.7513387274727306,3.7662721587482104,45,45,10,"+(+(Glazing area, +(Glazing area, +(-1.0, +(+(Glazing area, mydiv(-100.0, myprod(-(Roof Area, Overall height), myexp(Glazing area)))), +(Glazing area, mydiv(Glazing area, myexp(-1.0))))))), +(Glazing area, +(-1.0, +(+(Glazing area, mydiv(-100.0, +(Overall height, -10.0))), +(Glazing area, mydiv(Glazing area, mylog(mylog(mydiv(1.571, Glazing area)))))))))"
energyCooling,28,37.105161401,2.9152605366531463,2.824576760227289,72,72,10,"+(+(mydiv(mylog(Overall height), mysquare(mydiv(+(+(+(-10.0, Overall height), -(Glazing area, mylog(Roof Area))), -10.0), mydiv(mysquare(mysqrt(myexp(-1.0))), mylog(myprod(-(1.0, Relative Compactness), myexp(1.571))))))), mydiv(myprod(mydiv(myexp(Glazing area distribution), Wall area), Roof Area), myprod(-10.0, mydiv(myexp(Glazing area distribution), +(myprod(mylog(Roof Area), Overall height), +(mysquare(Overall height), Overall height)))))), +(Glazing area, +(Glazing area, +(mydiv(Glazing area, Relative Compactness), +(mydiv(Glazing area, myexp(-1.0)), +(mydiv(Glazing area, myexp(-1.0)), myprod(myexp(1.571), Overall height)))))))"
energyCooling,29,10.876562501,3.2689864080335487,3.3400762844545726,24,24,10,"myprod(mylog(+(100.0, +(myprod(Glazing area, Wall area), -(1.0, +(myexp(myprod(myexp(1.0), myprod(1.571, Relative Compactness))), +(mydiv(100.0, Overall height), Glazing area distribution)))))), Overall height)"
energyCooling,30,21.838509,3.577746660690755,3.646425094463685,43,43,10,"-(+(Overall height, mysqrt(mydiv(Overall height, mydiv(mysqrt(mylog(+(Roof Area, -1.571))), mydiv(Overall height, mydiv(myexp(1.0), 100.0)))))), mydiv(mysqrt(100.0), mydiv(Overall height, mydiv(mydiv(-(mysquare(myprod(Relative Compactness, Overall height)), Overall height), Overall height), mysquare(mysquare(-(mysquare(-1.0), myprod(mysquare(Glazing area), mydiv(Overall height, -1.571)))))))))"
energyHeating,1,13.3964231,3.444833335386414,3.6180777999844076,28,28,10,"mysquare(mylog(+(mysquare(+(myexp(+(mydiv(mylog(Relative Compactness), -1.571), mysqrt(Overall height))), myprod(Glazing area, Overall height))), +(-10.0, +(-10.0, myprod(1.571, +(-10.0, mylog(mydiv(1.571, Surface Area)))))))))"
energyHeating,2,16.540989901,3.640735817470361,3.8427833698623406,24,24,10,"mysqrt(mysquare(-(myprod(mylog(myprod(myexp(Glazing area), mylog(mylog(+(Relative Compactness, Wall area))))), myprod(10.0, mysquare(mylog(Overall height)))), mysquare(mysquare(myprod(Overall height, mysquare(Glazing area)))))))"
energyHeating,3,5.1259361,4.49743688297624,4.733916288288772,14,14,10,"myprod(Overall height, mysqrt(myprod(Overall height, mysqrt(mydiv(Roof Area, mysqrt(mysquare(mysquare(-(Relative Compactness, -3.142)))))))))"
energyHeating,4,13.6449331,3.4362633564782787,3.6518226682450114,23,23,8,"myprod(mysqrt(mysqrt(Wall area)), myprod(myprod(Overall height, mysqrt(mydiv(mysquare(myexp(Glazing area)), mysqrt(mysquare(-1.571))))), mysquare(mysquare(mysqrt(mydiv(+(-100.0, Glazing area), -100.0))))))"
energyHeating,5,24.7427717,3.41363227808577,3.6532868851098144,46,46,10,"+(+(Glazing area, +(Overall height, mydiv(Overall height, myexp(mydiv(mysquare(mylog(Glazing area)), myexp(Overall height)))))), +(mydiv(mydiv(Overall height, myexp(mydiv(myprod(Glazing area, Roof Area), mylog(myprod(Glazing area, myexp(Wall area)))))), mysquare(mylog(Glazing area))), +(Overall height, mydiv(Overall height, myexp(mydiv(+(Overall height, +(myexp(3.142), mysquare(0.0))), myexp(Overall height)))))))"
energyHeating,6,11.161259499,4.379342077983955,4.638217303655039,20,20,10,"+(Overall height, +(Overall height, mysqrt(-(Wall area, mydiv(+(mydiv(mysquare(mydiv(Surface Area, Relative Compactness)), mysquare(+(100.0, -10.0))), Surface Area), Overall height)))))"
energyHeating,7,15.4343269,3.149004362877682,3.3038360785724437,23,23,7,"+(+(mysqrt(+(myprod(100.0, Glazing area), Wall area)), mysqrt(myprod(100.0, Glazing area))), mydiv(mylog(mylog(Overall height)), mydiv(mylog(mylog(+(Overall height, -1.0))), Overall height)))"
energyHeating,8,10.956975501,3.235850152684954,3.438305829563905,38,38,10,"myprod(Overall height, +(mysqrt(mydiv(mylog(+(myprod(mysquare(myprod(Wall area, Glazing area)), Glazing area), myprod(mydiv(10.0, Orientation), myexp(0.0)))), myexp(mydiv(mydiv(mylog(mydiv(Relative Compactness, 3.142)), mylog(Relative Compactness)), -(mysquare(-(10.0, -1.571)), myprod(Glazing area, -100.0)))))), mylog(Overall height)))"
energyHeating,9,4.781853399,4.4930162686499635,4.542983044225773,27,27,9,"myprod(mydiv(Overall height, +(1.0, +(1.0, +(1.0, +(1.0, Roof Area))))), +(1.0, +(1.0, +(1.0, +(1.0, +(1.0, +(1.0, +(1.0, Surface Area))))))))"
energyHeating,10,7.353800199,3.538043515472143,3.874011144424373,13,13,9,"+(Overall height, myprod(Overall height, mylog(+(Overall height, myexp(mysqrt(mysqrt(myprod(Glazing area, Wall area))))))))"
energyHeating,11,20.071548699,3.648177779968041,3.9455765549633455,32,32,10,"mylog(mysquare(mydiv(myprod(mylog(+(myexp(-(myexp(-100.0), myexp(-3.142))), myprod(Overall height, mysquare(myprod(Overall height, Glazing area))))), myprod(Overall height, myprod(myexp(Overall height), Surface Area))), mydiv(myexp(myexp(mylog(-(10.0, Overall height)))), 10.0))))"
energyHeating,12,18.6673911,4.244633784866877,4.470888988610931,38,38,10,"mylog(mysquare(+(+(mydiv(10.0, myexp(-(-(1.571, Overall height), 1.571))), myprod(+(-(1.571, 10.0), myprod(myprod(-100.0, 1.571), 1.571)), 1.571)), mysquare(mydiv(mysqrt(myexp(myprod(mysquare(1.571), 3.142))), myexp(-(-(1.571, Overall height), mylog(Glazing area))))))))"
energyHeating,13,19.948155001,3.3918796256375194,3.5868355413665,39,39,10,"mysqrt(+(myprod(myprod(mysquare(Overall height), mydiv(mysqrt(myprod(-(-1.571, Wall area), -(mydiv(Glazing area, Relative Compactness), mysquare(1.571)))), myprod(mylog(Wall area), mydiv(Relative Compactness, Glazing area)))), Overall height), +(100.0, myprod(myprod(mysquare(Overall height), myexp(-(mydiv(Orientation, Roof Area), mylog(Relative Compactness)))), Overall height))))"
energyHeating,14,13.519854099,4.046589251781589,4.087282829423317,40,40,10,"mydiv(Wall area, mylog(mydiv(mysqrt(-(-(myexp(mydiv(mydiv(Surface Area, -1.571), -(-10.0, Overall height))), Surface Area), myprod(myprod(mydiv(Surface Area, -1.571), Surface Area), myexp(-(myexp(0.0), +(0.0, -10.0)))))), mysqrt(mysquare(-(-3.142, -(mydiv(-1.571, -(-3.142, 1.0)), Overall height)))))))"
energyHeating,15,15.1368946,3.6735373602066157,3.7718022561535616,25,25,10,"mysquare(+(+(mydiv(Overall height, mylog(mysquare(mylog(mydiv(mysquare(Glazing area), 10.0))))), mysqrt(Overall height)), mylog(mysqrt(myprod(mysqrt(Wall area), mysquare(-(myexp(0.0), mylog(1.571))))))))"
energyHeating,16,12.291522401,3.2428126220085165,3.3733814429264353,24,24,9,"mysqrt(myprod(mysqrt(-(Wall area, +(Glazing area, +(Glazing area, myexp(myprod(Relative Compactness, 3.142)))))), mysqrt(myexp(+(Glazing area, +(Glazing area, +(Glazing area, +(Overall height, Glazing area))))))))"
energyHeating,17,18.5300161,4.288097384674052,4.439421670369356,23,23,8,"-(Overall height, mylog(mydiv(mysquare(mydiv(-(mydiv(Overall height, 10.0), Relative Compactness), -(myexp(Overall height), 10.0))), -(-(myexp(Overall height), 10.0), -(10.0, -10.0)))))"
energyHeating,18,11.7109504,4.404935083116038,4.657378161951935,24,24,10,"myexp(myexp(mydiv(mydiv(mydiv(1.571, myexp(mydiv(1.571, Overall height))), myexp(mydiv(1.571, myexp(Overall height)))), myexp(mydiv(1.571, myexp(mysqrt(+(mysqrt(Wall area), Glazing area distribution))))))))"
energyHeating,19,24.857936699,3.358696668089979,3.5326759855677943,42,42,10,"+(+(Overall height, mydiv(myprod(myprod(Overall height, mysquare(-1.571)), mylog(myprod(mydiv(Wall area, myprod(Roof Area, Relative Compactness)), +(mylog(mydiv(Wall area, 100.0)), mysquare(myexp(Glazing area)))))), mylog(mylog(+(myprod(myprod(10.0, -100.0), myprod(mydiv(Orientation, 1.0), mylog(Glazing area distribution))), +(mysquare(-100.0), -100.0)))))), Overall height)"
energyHeating,20,11.766944701,4.072543882978693,4.389699922713268,20,20,9,"+(+(Overall height, mysquare(mysquare(mysquare(-(mysqrt(myexp(Glazing area)), mydiv(mylog(Wall area), myexp(Overall height))))))), +(Overall height, myexp(mysqrt(Overall height))))"
energyHeating,21,11.1682975,4.602153257873237,4.503305167472382,18,18,10,"mydiv(Wall area, mysquare(-(mysqrt(+(Overall height, mysquare(mydiv(Overall height, mydiv(mydiv(3.142, Glazing area), 1.571))))), mysquare(mysquare(1.571)))))"
energyHeating,22,19.8063968,3.519444091107985,3.7567838909484745,44,44,10,"+(+(+(+(+(+(+(10.0, myprod(Overall height, Glazing area)), myprod(Overall height, Glazing area)), -(Overall height, 3.142)), -(Overall height, -(+(mydiv(myprod(10.0, 1.571), mysqrt(10.0)), mydiv(-(Orientation, Glazing area distribution), myexp(Glazing area distribution))), mysqrt(Overall height)))), -(Overall height, 3.142)), myprod(Overall height, Glazing area)), -(Overall height, 3.142))"
energyHeating,23,20.612247699,4.056371427949817,4.526677422701283,47,47,10,"+(Orientation, -(-(mydiv(-(Overall height, -(-(-10.0, Orientation), +(Relative Compactness, mysqrt(mydiv(Surface Area, Overall height))))), -(Relative Compactness, Overall height)), -(-10.0, Overall height)), -(-(mysquare(+(-1.0, -(+(mysqrt(Overall height), Relative Compactness), mysqrt(mysquare(-3.142))))), +(Relative Compactness, +(Relative Compactness, +(Relative Compactness, Overall height)))), myexp(mysquare(myexp(Glazing area))))))"
energyHeating,24,24.600323599,3.2888073829366293,3.4494560704923494,46,46,10,"myprod(mylog(+(mydiv(-(Overall height, myexp(Overall height)), mydiv(Overall height, myprod(Overall height, myprod(Overall height, myexp(Overall height))))), myprod(+(Overall height, -(Overall height, mysquare(-(myprod(Glazing area, Wall area), Overall height)))), mydiv(-(Overall height, myexp(Overall height)), mydiv(Overall height, myprod(Overall height, +(Wall area, Wall area))))))), mydiv(Overall height, mylog(mysquare(+(Relative Compactness, 10.0)))))"
energyHeating,25,17.584545401,4.124177900758152,4.568957822509805,34,34,10,"myexp(-(-(mylog(100.0), mydiv(3.142, mysqrt(Overall height))), mysquare(mydiv(+(-(Overall height, mydiv(3.142, myexp(Glazing area distribution))), +(3.142, -(0.0, 10.0))), -(0.0, +(3.142, +(myprod(Overall height, mydiv(Glazing area, 1.0)), 3.142)))))))"
energyHeating,26,11.7637445,3.6086919672872604,3.864376157230132,20,20,10,"myprod(+(-1.571, myprod(1.571, myprod(1.571, Overall height))), mylog(mylog(mysquare(myexp(myprod(1.571, myprod(myexp(myprod(1.571, Glazing area)), 1.571)))))))"
energyHeating,27,8.3695577,3.103759772549471,3.1752062212801633,28,28,10,"myprod(mysqrt(myprod(mysqrt(myexp(myexp(mylog(mysquare(mydiv(1.0, Relative Compactness)))))), Overall height)), myprod(mysqrt(myexp(mydiv(Glazing area, myexp(-(mydiv(1.0, -(100.0, Roof Area)), myexp(mylog(Glazing area))))))), Overall height))"
energyHeating,28,6.039622299,4.254334802322543,4.600999347197814,12,12,7,"+(Overall height, +(Overall height, +(Overall height, +(Overall height, myprod(Overall height, mysqrt(Glazing area))))))"
energyHeating,29,12.014548401,4.260924656170293,4.558664692152279,24,24,10,"+(mysqrt(+(myprod(mydiv(-10.0, -(-10.0, mylog(mysqrt(mydiv(Wall area, Glazing area))))), myexp(Overall height)), myprod(myexp(mylog(3.142)), mylog(mysqrt(myexp(100.0)))))), Glazing area)"
energyHeating,30,16.849870799,3.320454412376444,3.5605949329131175,42,42,10,"mylog(mysquare(myprod(myprod(myexp(-(Overall height, -(Relative Compactness, -(myprod(Glazing area, Overall height), Relative Compactness)))), myexp(-(Overall height, mydiv(-(mysqrt(10.0), 1.0), mysquare(myexp(Glazing area distribution)))))), -(Overall height, -(-(Relative Compactness, -(myprod(Glazing area, Glazing area), Relative Compactness)), -(-(myprod(Glazing area, Overall height), Relative Compactness), Relative Compactness))))))"
grossOutput,1,41.557348,0.0502105931961841,0.04918418928932053,26,26,10,"+(labor, +(capital, -(intermediate, mydiv(mysqrt(myprod(mylog(myexp(10.0)), intermediate)), mysquare(myprod(mylog(capital), -(intermediate, myprod(myprod(3.142, -100.0), +(-1.571, -10.0)))))))))"
grossOutput,2,21.9055438,0.04995149554216037,0.04988674957269018,17,17,9,"+(intermediate, -(-(+(labor, +(labor, -(+(labor, +(-1.571, capital)), -1.571))), labor), labor))"
grossOutput,3,12.1193613,0.04995149554265474,0.049886749570998444,5,5,3,"+(labor, +(intermediate, capital))"
grossOutput,4,21.4235117,0.04995149554179309,0.04988674956918435,13,13,9,"+(mysquare(mysqrt(labor)), mysquare(mysqrt(mysquare(mysqrt(+(capital, mysquare(mysqrt(intermediate))))))))"
grossOutput,5,30.0459304,0.04986846906065891,0.05041187456527989,32,32,9,"+(+(+(intermediate, capital), mysquare(mydiv(+(+(+(+(intermediate, 10.0), myexp(10.0)), 10.0), myexp(10.0)), -(myprod(mylog(intermediate), capital), myprod(mydiv(capital, 1.571), -(myexp(10.0), labor)))))), labor)"
grossOutput,6,33.2049135,0.04987242012709874,0.050095416166229444,20,20,8,"+(+(+(capital, intermediate), mydiv(+(myprod(myprod(labor, -1.571), mydiv(mylog(3.142), -(-1.571, capital))), -1.571), labor)), labor)"
grossOutput,7,18.050134499,0.049951495541592825,0.04988674956473096,13,13,9,"-(intermediate, -(-3.142, +(labor, myexp(mylog(+(-3.142, myexp(mylog(capital))))))))"
grossOutput,8,23.3223156,0.049917040037378214,0.051191141364780084,47,47,10,"+(+(+(+(+(+(+(+(intermediate, capital), labor), mydiv(capital, myexp(capital))), mydiv(capital, myexp(capital))), mydiv(capital, myexp(capital))), mydiv(capital, myexp(+(myexp(mysquare(+(0.0, -1.0))), +(mysqrt(capital), mysqrt(0.0)))))), mydiv(capital, myexp(capital))), mydiv(capital, myexp(+(-10.0, intermediate))))"
grossOutput,9,15.4738234,0.049951495542184136,0.0498867495695264,7,7,5,"+(intermediate, +(capital, myexp(mylog(labor))))"
grossOutput,10,32.444727501,0.04995149554073206,0.04988674957120086,7,7,4,"+(myexp(mylog(labor)), +(intermediate, capital))"
grossOutput,11,38.257997299,0.0499172377303293,0.05199955879160139,47,47,10,"+(+(+(+(intermediate, capital), labor), mysquare(mydiv(myprod(myexp(-(myprod(1.571, 10.0), intermediate)), myexp(mydiv(0.0, +(intermediate, intermediate)))), 1.571))), mysquare(mydiv(myexp(-(mydiv(mysqrt(-(1.571, -(1.571, 10.0))), capital), myexp(myprod(-(mysquare(0.0), mylog(3.142)), myprod(mysquare(3.142), intermediate))))), capital)))"
grossOutput,12,47.551682401,0.04993394121067038,0.04992217353382932,25,25,10,"-(intermediate, -(myprod(myprod(mylog(mysqrt(mylog(mydiv(capital, 10.0)))), myexp(-3.142)), myprod(mysquare(mylog(mylog(mysqrt(mylog(10.0))))), myexp(-3.142))), +(capital, labor)))"
grossOutput,13,38.933500001,0.04991913308533041,0.05003320349691105,38,38,9,"-(+(100.0, -(+(100.0, labor), -(100.0, +(intermediate, capital)))), -(100.0, myexp(+(-(mydiv(-(100.0, +(intermediate, labor)), -100.0), 1.0), +(mydiv(mydiv(-100.0, +(intermediate, 1.0)), capital), -(10.0, +(1.571, intermediate)))))))"
grossOutput,14,39.0368937,0.049942430815854894,0.04991093876208556,24,24,9,"+(intermediate, +(intermediate, -(capital, +(+(mydiv(+(myexp(-1.0), labor), labor), +(mylog(myexp(-1.0)), -(intermediate, +(10.0, labor)))), 10.0))))"
grossOutput,15,30.2170419,0.04992212182242064,0.05020240140476317,30,30,9,"+(+(+(labor, -(intermediate, mysqrt(mysqrt(myexp(-(1.571, labor)))))), capital), +(mysqrt(mysqrt(mysqrt(myexp(-(1.571, intermediate))))), myprod(-(1.571, capital), mysqrt(myexp(-(1.571, intermediate))))))"
grossOutput,16,37.29724,0.04985434505463608,0.050112994495053846,5,5,3,"+(+(labor, capital), intermediate)"
grossOutput,17,47.3678538,0.0499191379923968,0.050469338235865115,39,39,9,"+(myprod(myprod(myprod(myprod(+(capital, labor), myexp(myexp(-(0.0, intermediate)))), myexp(myexp(-(0.0, intermediate)))), myexp(myexp(-(0.0, intermediate)))), myexp(myprod(myexp(-(0.0, myexp(mylog(intermediate)))), mysquare(mysquare(-(-3.142, 3.142)))))), myexp(mylog(intermediate)))"
grossOutput,18,31.8562424,0.04992057566227742,0.050201704735690085,20,20,10,"+(+(capital, +(labor, intermediate)), mysqrt(mysqrt(mysqrt(mydiv(3.142, myprod(-(myexp(intermediate), -(labor, myexp(intermediate))), intermediate))))))"
grossOutput,19,99.881739899,0.049799567049503515,0.050055822131325214,66,66,10,"+(+(+(+(+(+(+(+(intermediate, capital), labor), mydiv(-1.0, +(intermediate, capital))), mydiv(-1.0, +(3.142, -(-10.0, capital)))), mydiv(-1.0, +(mysquare(+(3.142, +(-100.0, intermediate))), mysqrt(capital)))), mydiv(-1.0, +(mysquare(myexp(3.142)), mysqrt(capital)))), mydiv(-1.0, +(3.142, +(3.142, +(3.142, -(-10.0, capital)))))), mydiv(-1.0, +(-1.0, +(-1.0, +(+(+(-1.0, labor), -1.0), -1.0)))))"
grossOutput,20,39.1050999,0.04990921938238922,0.05016021306436243,25,25,9,"+(+(intermediate, -(labor, mydiv(myprod(+(mysqrt(+(intermediate, labor)), -(1.0, +(-1.571, intermediate))), -1.571), mysquare(+(mydiv(1.0, -1.571), intermediate))))), capital)"
grossOutput,21,18.3326648,0.04995149554233493,0.04988674957077073,7,7,5,"+(labor, +(capital, mysquare(mysqrt(intermediate))))"
grossOutput,22,17.082253701,0.04995149554265474,0.049886749570998444,5,5,3,"+(labor, +(intermediate, capital))"
grossOutput,23,12.2549221,0.05027397465419895,0.049125075080022826,5,5,3,"+(intermediate, +(capital, labor))"
grossOutput,24,26.1198854,0.049899163732804196,0.05058458116800697,20,20,9,"+(intermediate, +(+(mydiv(-10.0, -(labor, -(-(mysquare(capital), 10.0), -(10.0, myprod(100.0, -100.0))))), labor), capital))"
grossOutput,25,40.8214287,0.0498217846029767,0.05011409385967737,41,41,10,"+(mydiv(myprod(myprod(-(+(labor, +(labor, -(-10.0, intermediate))), myprod(mysquare(mysqrt(mysqrt(1.571))), myprod(mylog(intermediate), mydiv(mysquare(labor), -(-10.0, 10.0))))), +(intermediate, -(-10.0, 10.0))), +(labor, 1.571)), myexp(capital)), +(+(intermediate, capital), labor))"
grossOutput,26,20.5816811,0.04995149554172851,0.04988674956768309,11,11,9,"mysquare(mysqrt(+(intermediate, mysquare(mysquare(mysqrt(mysqrt(+(labor, capital))))))))"
grossOutput,27,80.8676428,0.04983042445253632,0.050029065566495466,55,55,10,"+(+(mydiv(+(+(-1.0, mysqrt(1.571)), mydiv(1.0, mydiv(1.0, +(3.142, +(-1.0, -1.0))))), capital), mydiv(+(mydiv(mysquare(+(mydiv(3.142, 3.142), mylog(mydiv(intermediate, 1.0)))), -(labor, 10.0)), -(mydiv(+(10.0, 3.142), -(labor, mysqrt(+(intermediate, 100.0)))), mydiv(+(10.0, 3.142), -100.0))), -100.0)), +(+(intermediate, capital), labor))"
grossOutput,28,34.799016901,0.04991913307396198,0.05017660295251054,40,40,10,"+(mydiv(mysqrt(+(labor, mydiv(mysquare(-(3.142, mysquare(intermediate))), myprod(-(mylog(10.0), myprod(-1.571, intermediate)), labor)))), mylog(myexp(myprod(mydiv(mysquare(mysquare(intermediate)), myprod(-(mylog(10.0), myprod(-1.571, intermediate)), labor)), capital)))), +(+(labor, intermediate), capital))"
grossOutput,29,79.600923101,0.05024249523405862,0.049195069443058737,49,49,10,"+(+(+(intermediate, capital), -(0.0, myexp(-(3.142, myprod(3.142, 3.142))))), myprod(myprod(myprod(+(myprod(1.0, mydiv(-(3.142, intermediate), mysquare(+(intermediate, 10.0)))), -(labor, myprod(-(3.142, capital), myexp(mydiv(capital, -3.142))))), myexp(0.0)), myexp(myexp(-(3.142, intermediate)))), myexp(myexp(-(3.142, intermediate)))))"
grossOutput,30,24.4833907,0.05010663867834439,0.050004731142351815,26,26,10,"+(labor, +(intermediate, +(-(+(labor, -(myprod(-(0.0, 1.0), intermediate), myexp(mydiv(myprod(labor, -10.0), +(-10.0, 100.0))))), labor), +(intermediate, capital))))"
qsarAquaticToxicity,1,13.2208738,1.2834695316469693,1.5370443337468302,27,27,9,"mylog(mysquare(mylog(+(+(myexp(myprod(-(MLOGP, -1.0), 3.142)), myprod(-(TPSA(Tot), -(10.0, TPSA(Tot))), nN)), myprod(-(TPSA(Tot), -(+(GATS1p, 10.0), -3.142)), RDCHI)))))"
qsarAquaticToxicity,2,10.5640524,1.3018845486499864,1.5443961082255033,33,33,10,"+(myexp(mydiv(SAacc, +(+(+(+(+(+(RDCHI, RDCHI), -(0.0, 100.0)), nN), mydiv(RDCHI, mydiv(H-050, RDCHI))), nN), mydiv(RDCHI, mydiv(GATS1p, 10.0))))), mydiv(RDCHI, mydiv(mysqrt(GATS1p), 1.571)))"
qsarAquaticToxicity,3,10.1275378,1.2603721074463414,1.603868336140202,27,27,10,"+(myexp(-1.0), mysqrt(+(-1.571, +(+(+(+(10.0, mysquare(MLOGP)), RDCHI), mydiv(myprod(GATS1p, +(myprod(GATS1p, 1.571), mydiv(-1.0, GATS1p))), -1.0)), mysqrt(nN)))))"
qsarAquaticToxicity,4,8.626095399,1.238431645326683,1.5924698162847433,36,36,9,"+(mylog(+(myexp(mylog(+(myexp(-(MLOGP, GATS1p)), mydiv(1.571, GATS1p)))), mydiv(1.571, GATS1p))), +(mysqrt(RDCHI), mysqrt(mydiv(1.571, mydiv(mysqrt(-(+(10.0, -1.571), mylog(TPSA(Tot)))), myexp(mydiv(TPSA(Tot), mydiv(1.0, 0.0))))))))"
qsarAquaticToxicity,5,25.032150401,1.2056791088124437,1.494802007474352,60,60,9,"-(-(+(-(+(+(1.571, MLOGP), myexp(mysquare(-1.0))), 1.571), myexp(mysquare(-1.0))), mydiv(+(+(1.571, MLOGP), +(1.571, MLOGP)), +(mysquare(mydiv(RDCHI, mysqrt(myexp(GATS1p)))), myexp(mysquare(-1.0))))), mydiv(+(+(1.571, +(1.571, MLOGP)), -(-(+(+(1.571, MLOGP), myexp(GATS1p)), mydiv(+(RDCHI, C-040), myexp(+(H-050, H-050)))), RDCHI)), mysquare(mylog(10.0))))"
qsarAquaticToxicity,6,7.6238418,1.3195703645831691,1.459642978404027,24,24,10,"mysqrt(+(MLOGP, +(+(myprod(+(3.142, myexp(1.0)), +(+(3.142, myexp(+(-1.571, -1.571))), +(RDCHI, +(-1.571, -1.571)))), MLOGP), MLOGP)))"
qsarAquaticToxicity,7,13.8258639,1.2246039301496405,1.5012320673221984,31,31,9,"mysqrt(+(+(10.0, +(+(+(+(mysquare(MLOGP), RDCHI), myprod(myexp(-3.142), -(TPSA(Tot), 10.0))), RDCHI), -1.0)), +(-(100.0, +(-3.142, +(1.0, +(myexp(GATS1p), H-050)))), -100.0)))"
qsarAquaticToxicity,8,6.312184601,1.2764440726393322,1.5367711598633889,24,24,8,"mylog(mysquare(+(myprod(RDCHI, mylog(GATS1p)), +(myprod(RDCHI, mylog(GATS1p)), +(myprod(RDCHI, mylog(GATS1p)), +(myprod(RDCHI, -3.142), -(-1.0, MLOGP)))))))"
qsarAquaticToxicity,9,12.528059499,1.3766882072277327,1.4908556845676328,29,29,10,"+(RDCHI, mydiv(+(mydiv(1.0, +(mydiv(1.571, MLOGP), +(mydiv(1.571, myprod(+(MLOGP, C-040), mydiv(1.0, nN))), mydiv(1.571, myprod(mylog(C-040), MLOGP))))), 3.142), mysqrt(3.142)))"
qsarAquaticToxicity,10,9.545486,1.263453725021922,1.5109068491590403,26,26,10,"mylog(mysquare(mylog(mysquare(myprod(-(-(mysqrt(TPSA(Tot)), GATS1p), -(-1.571, myprod(myexp(RDCHI), mydiv(1.0, GATS1p)))), -(-(-1.571, MLOGP), -(-1.571, myexp(MLOGP))))))))"
qsarAquaticToxicity,11,12.9639418,1.2498859039263828,1.5182335439049115,29,29,8,"mysqrt(+(mydiv(mysqrt(myexp(-(MLOGP, -1.0))), myexp(myexp(myprod(mylog(GATS1p), RDCHI)))), +(+(myprod(10.0, mysqrt(RDCHI)), MLOGP), -(MLOGP, myexp(myprod(mylog(GATS1p), mysqrt(RDCHI)))))))"
qsarAquaticToxicity,12,7.7659913,1.3301388572048383,1.6647065025315113,14,14,10,"+(1.571, mylog(mysquare(myprod(mydiv(mylog(-(10.0, myexp(mysqrt(1.571)))), GATS1p), RDCHI))))"
qsarAquaticToxicity,13,8.235446701,1.2609583156072217,1.5028223287993627,16,16,8,"+(mysqrt(mysqrt(mylog(mysqrt(+(myexp(MLOGP), mysquare(-1.0)))))), mysqrt(+(mysqrt(TPSA(Tot)), mysquare(MLOGP))))"
qsarAquaticToxicity,14,7.5300959,1.2732274472488458,1.502780746007079,16,16,6,"+(mysquare(myprod(1.571, mysqrt(mysqrt(RDCHI)))), mydiv(MLOGP, +(mysquare(GATS1p), +(mysquare(GATS1p), 1.571))))"
qsarAquaticToxicity,15,18.345784899,1.2424494546953149,1.4894956690819134,44,44,10,"mysqrt(mylog(myprod(-(-(mydiv(myexp(MLOGP), MLOGP), myprod(mydiv(myexp(MLOGP), 3.142), -(100.0, mysquare(MLOGP)))), myprod(mydiv(myexp(MLOGP), -1.571), -(100.0, mysquare(MLOGP)))), -(myprod(myexp(MLOGP), +(mydiv(myexp(MLOGP), mysquare(MLOGP)), myexp(+(mysqrt(TPSA(Tot)), mysquare(MLOGP))))), SAacc))))"
qsarAquaticToxicity,16,7.4218639,1.3937717596560864,1.5513868613480226,13,13,9,"myexp(mysqrt(mylog(+(MLOGP, +(mylog(myprod(myexp(RDCHI), myexp(RDCHI))), RDCHI)))))"
qsarAquaticToxicity,17,7.8761181,1.2624203811566528,1.4598631543789935,20,20,10,"+(mylog(mydiv(10.0, GATS1p)), +(mydiv(GATS1p, myprod(-1.571, mydiv(10.0, mysqrt(mydiv(SAacc, mydiv(mysquare(1.571), H-050)))))), RDCHI))"
qsarAquaticToxicity,18,12.4699879,1.2431595487065814,1.5858201257603768,36,36,10,"mysqrt(+(+(+(+(10.0, +(RDCHI, myexp(mysqrt(+(GATS1p, GATS1p))))), +(RDCHI, mysquare(MLOGP))), +(RDCHI, myprod(-1.571, mydiv(mysqrt(mysquare(GATS1p)), -(-1.0, -(mysqrt(1.0), mylog(10.0))))))), myprod(-1.571, mysquare(GATS1p))))"
qsarAquaticToxicity,19,5.436417401,1.4184394076946936,1.5287346356222866,17,17,8,"-(RDCHI, +(-3.142, -(myexp(myexp(-1.571)), mydiv(-1.571, -(-10.0, -(-(H-050, MLOGP), 3.142))))))"
qsarAquaticToxicity,20,9.2169959,1.3085069795706215,1.5100897345653883,14,14,7,"mysquare(mylog(+(+(-(0.0, mylog(100.0)), mysquare(mylog(RDCHI))), -(MLOGP, -10.0))))"
qsarAquaticToxicity,21,4.8200209,1.3427813955035552,1.5541742963530112,7,7,6,"mysqrt(mysqrt(mysqrt(myexp(-(MLOGP, -10.0)))))"
qsarAquaticToxicity,22,6.7442411,1.2634529796824774,1.567429694825864,22,22,10,"mylog(+(myexp(mylog(mysquare(mysquare(MLOGP)))), +(MLOGP, +(MLOGP, +(MLOGP, +(MLOGP, +(MLOGP, myprod(mysqrt(TPSA(Tot)), mylog(100.0)))))))))"
qsarAquaticToxicity,23,15.156753601,1.2653542874677473,1.545399019357872,55,55,10,"mylog(-(-(-(-(-(-(mysquare(-10.0), 10.0), myexp(GATS1p)), myprod(myprod(mysquare(MLOGP), RDCHI), -(-1.571, 3.142))), -(3.142, mysquare(C-040))), myprod(-(3.142, -3.142), -(GATS1p, -1.571))), mylog(myprod(3.142, +(myprod(myprod(myexp(H-050), myexp(H-050)), myprod(myexp(H-050), myexp(H-050))), mysquare(myexp(myprod(-(3.142, -3.142), -(GATS1p, -1.571)))))))))"
qsarAquaticToxicity,24,4.793861999,1.4212482632385004,1.5720929324821329,8,8,6,"mysqrt(myprod(-1.571, -(-10.0, mysqrt(myexp(MLOGP)))))"
qsarAquaticToxicity,25,5.145902399,1.434241556509208,1.6122291436714777,8,8,6,"+(MLOGP, mylog(mysquare(mylog(+(10.0, TPSA(Tot))))))"
qsarAquaticToxicity,26,8.5983479,1.280649482639212,1.5361290796029239,23,23,10,"+(mysqrt(mysqrt(mysquare(+(MLOGP, +(MLOGP, mysquare(mydiv(-1.0, GATS1p))))))), mylog(+(C-040, mysqrt(mysquare(+(myexp(mylog(mysquare(RDCHI))), 3.142))))))"
qsarAquaticToxicity,27,10.9264615,1.2596404822079859,1.4789517124641036,30,30,9,"+(mylog(+(+(+(mydiv(3.142, myexp(H-050)), -1.571), +(+(mydiv(3.142, GATS1p), mydiv(3.142, myexp(H-050))), +(mydiv(3.142, GATS1p), mydiv(mysquare(MLOGP), mysquare(RDCHI))))), -1.571)), RDCHI)"
qsarAquaticToxicity,28,5.5419675,1.381127651511788,1.6043169095148127,10,10,7,"+(1.571, myprod(1.571, myexp(myexp(mydiv(-1.571, mysquare(MLOGP))))))"
qsarAquaticToxicity,29,8.4638095,1.2960406845352404,1.5104787431931317,28,28,10,"+(mysqrt(mylog(+(mysqrt(+(mysquare(mysquare(TPSA(Tot))), -(3.142, -(-100.0, myprod(-100.0, -100.0))))), mysquare(TPSA(Tot))))), +(MLOGP, +(-1.571, mysqrt(mysqrt(myexp(-(1.571, MLOGP)))))))"
qsarAquaticToxicity,30,2.3243174,1.5931270662324155,1.778496967433662,3,3,2,"+(1.571, RDCHI)"
wineRed,1,22.3126664,0.710317921580078,0.6521261611404613,34,34,10,"+(myexp(mydiv(-(myexp(myexp(myexp(mydiv(1.0, -100.0)))), myprod(sulphates, mylog(+(mysquare(myexp(alcohol)), -100.0)))), -(sulphates, myprod(myexp(sulphates), myprod(myexp(sulphates), myprod(mysqrt(sulphates), mysqrt(mysqrt(total_sulfur_dioxide)))))))), myexp(1.571))"
wineRed,2,14.0548892,0.7284252670613709,0.6715676229479361,25,25,10,"mylog(myprod(fixed_acidity, myprod(pH, -(mysquare(-(mysqrt(alcohol), mydiv(pH, myprod(volatile_acidity, -10.0)))), mysquare(mydiv(mysquare(mysqrt(-(volatile_acidity, -1.571))), mydiv(fixed_acidity, fixed_acidity)))))))"
wineRed,3,11.6608997,0.6982270584873783,0.6370995336187912,14,14,7,"+(mylog(mysquare(-(mysqrt(mydiv(1.571, sulphates)), mysqrt(alcohol)))), myexp(mysqrt(mylog(alcohol))))"
wineRed,4,24.786676001,0.6956467534621468,0.6449900677569869,47,47,10,"mysqrt(+(-(+(-(mydiv(100.0, pH), +(volatile_acidity, +(myprod(volatile_acidity, 10.0), volatile_acidity))), pH), +(mylog(myprod(volatile_acidity, mydiv(mydiv(mysquare(100.0), myexp(alcohol)), sulphates))), +(mydiv(-(myexp(myprod(density, 10.0)), myexp(alcohol)), myexp(alcohol)), mydiv(-(myexp(10.0), myexp(alcohol)), myexp(alcohol))))), pH))"
wineRed,5,20.055736501,0.6592118450695492,0.5992674188876354,42,42,10,"+(mylog(+(mydiv(+(mydiv(alcohol, pH), sulphates), chlorides), myprod(myprod(alcohol, -(myprod(mydiv(sulphates, -10.0), total_sulfur_dioxide), myprod(mydiv(mydiv(alcohol, pH), mydiv(-1.0, alcohol)), -(+(1.571, pH), +(volatile_acidity, pH))))), sulphates))), mysqrt(mysquare(mydiv(-1.0, mydiv(-100.0, alcohol)))))"
wineRed,6,16.9639065,0.6954282525544018,0.631943812515491,25,25,10,"mylog(mysquare(myexp(+(mylog(+(+(+(alcohol, alcohol), -10.0), alcohol)), mydiv(mydiv(mylog(sulphates), sulphates), mylog(mysqrt(myprod(myprod(100.0, fixed_acidity), mylog(free_sulfur_dioxide)))))))))"
wineRed,7,26.580994301,0.6719423036360386,0.627120290810525,41,41,10,"mylog(+(100.0, -(-(-(mysquare(alcohol), 10.0), mysquare(mylog(myprod(mysquare(myprod(10.0, pH)), mysquare(-(density, sulphates)))))), myprod(mylog(volatile_acidity), -(-(100.0, -(density, myprod(100.0, +(alcohol, -10.0)))), myprod(mylog(volatile_acidity), -(-(100.0, pH), total_sulfur_dioxide)))))))"
wineRed,8,17.881237401,0.7131272325196584,0.7287155192348226,45,45,10,"mylog(mysquare(+(fixed_acidity, +(myprod(-1.571, -(myprod(1.571, -3.142), mylog(myexp(sulphates)))), -(myprod(mydiv(mylog(density), myprod(chlorides, volatile_acidity)), -(myprod(1.571, -3.142), fixed_acidity)), -(myexp(mysquare(-(sulphates, 1.571))), myprod(mydiv(mylog(density), myprod(chlorides, volatile_acidity)), -(myprod(1.571, -3.142), fixed_acidity))))))))"
wineRed,9,5.6843943,0.6918516256075878,0.6456538709310082,21,21,9,"mylog(mydiv(mydiv(mysquare(alcohol), volatile_acidity), mysqrt(mysqrt(myprod(mydiv(alcohol, volatile_acidity), mydiv(myexp(volatile_acidity), +(-(0.0, alcohol), mysquare(alcohol))))))))"
wineRed,10,10.948455,0.6981011237613324,0.6495214024203332,16,16,8,"mylog(mysquare(-(0.0, mydiv(+(alcohol, mydiv(volatile_acidity, mydiv(1.0, volatile_acidity))), myexp(+(-1.0, volatile_acidity))))))"
wineRed,11,16.271084801,0.6755920998388328,0.6217847659204747,28,28,10,"mylog(myprod(alcohol, mysqrt(-(myprod(+(-3.142, alcohol), +(myprod(-(-3.142, mysquare(alcohol)), mydiv(-(volatile_acidity, sulphates), volatile_acidity)), +(-3.142, mysquare(mydiv(alcohol, -1.0))))), mysquare(alcohol)))))"
wineRed,12,18.7886573,0.6713751104746444,0.6207968702804508,44,44,10,"+(+(3.142, -(+(mylog(-(alcohol, 3.142)), +(mylog(myexp(mydiv(sulphates, myprod(1.571, total_sulfur_dioxide)))), mysqrt(sulphates))), +(myprod(1.571, volatile_acidity), myprod(chlorides, +(sulphates, mysquare(sulphates)))))), mylog(+(sulphates, -(+(mylog(-(alcohol, mylog(-(total_sulfur_dioxide, free_sulfur_dioxide)))), mysqrt(sulphates)), 1.571))))"
wineRed,13,20.349775599,0.6690347179554952,0.6191656896187485,33,33,10,"+(mylog(-(mydiv(+(alcohol, mydiv(+(alcohol, +(-(alcohol, citric_acid), mysquare(citric_acid))), mylog(3.142))), myexp(mydiv(volatile_acidity, sulphates))), -(-(-1.571, +(alcohol, -10.0)), volatile_acidity))), mysqrt(mydiv(alcohol, mylog(pH))))"
wineRed,14,18.495086001,0.699059932479171,0.6778516933811586,39,39,10,"mylog(mydiv(+(alcohol, -(mysqrt(-(-(myexp(10.0), 100.0), myprod(myprod(10.0, 10.0), 10.0))), myprod(+(myprod(myprod(-(alcohol, 10.0), mydiv(citric_acid, -1.571)), alcohol), mysqrt(myprod(free_sulfur_dioxide, citric_acid))), mysquare(mysquare(+(chlorides, -(-1.0, 1.0))))))), volatile_acidity))"
wineRed,15,10.3199638,0.6890630438794304,0.6295681356724722,16,16,9,"+(sulphates, +(mydiv(alcohol, 3.142), +(mydiv(alcohol, -(myexp(myexp(myexp(volatile_acidity))), fixed_acidity)), 1.571)))"
wineRed,16,20.140917501,0.6904708117324246,0.6230145788019762,38,38,10,"mylog(mysquare(+(-(mylog(-(-(-(total_sulfur_dioxide, free_sulfur_dioxide), pH), -(mylog(mydiv(alcohol, chlorides)), mysquare(myprod(volatile_acidity, -10.0))))), +(citric_acid, +(citric_acid, alcohol))), -(myprod(3.142, mysquare(myprod(volatile_acidity, mylog(pH)))), +(citric_acid, +(citric_acid, alcohol))))))"
wineRed,17,7.0377764,0.6862387403321828,0.7044092208086066,9,9,8,"myexp(mysqrt(mysqrt(+(alcohol, mylog(mysquare(mysquare(sulphates)))))))"
wineRed,18,14.0327208,0.709431614110638,0.643521198279395,19,19,9,"myexp(myexp(mydiv(mylog(mylog(myprod(-(mysqrt(sulphates), -1.0), +(+(alcohol, -3.142), citric_acid)))), mysqrt(myprod(3.142, density)))))"
wineRed,19,10.038632,0.7498069971594338,0.6859434769174013,3,3,3,mysquare(mylog(alcohol))
wineRed,20,19.5084274,0.713478388460243,0.6505420586788784,35,35,9,"mysquare(+(+(+(+(+(mylog(alcohol), myexp(mydiv(alcohol, -1.571))), myexp(mydiv(alcohol, -1.571))), myexp(mydiv(alcohol, -1.571))), mydiv(sulphates, mydiv(myprod(residual_sugar, free_sulfur_dioxide), citric_acid))), mydiv(sulphates, mydiv(myexp(+(citric_acid, 1.571)), citric_acid))))"
wineRed,21,21.4395343,0.7084817580043924,0.7454548588280882,41,41,9,"+(+(+(+(myexp(mysqrt(mydiv(sulphates, mylog(total_sulfur_dioxide)))), myprod(1.571, mydiv(mydiv(chlorides, mydiv(1.571, -3.142)), mydiv(-3.142, sulphates)))), myprod(1.571, mydiv(mydiv(chlorides, myexp(-3.142)), mydiv(-3.142, volatile_acidity)))), mysqrt(mysqrt(100.0))), myexp(mysqrt(mydiv(mysquare(sulphates), mylog(total_sulfur_dioxide)))))"
wineRed,22,12.6723318,0.7172256832741228,0.6626310488950777,30,30,10,"+(3.142, mysqrt(mysqrt(mysqrt(myprod(+(myprod(myprod(mylog(pH), +(-10.0, alcohol)), mysqrt(3.142)), mysquare(mydiv(-1.571, volatile_acidity))), +(+(mysquare(alcohol), alcohol), myprod(alcohol, +(-10.0, alcohol))))))))"
wineRed,23,11.8417894,0.7548726221578362,0.7077283175579947,20,20,10,"+(3.142, -(3.142, myprod(mysquare(mylog(sulphates)), -(3.142, myprod(mysquare(mylog(sulphates)), mysqrt(mysqrt(myexp(-(alcohol, fixed_acidity)))))))))"
wineRed,24,6.8652144,0.7325332445643433,0.671161432374043,5,5,4,"+(citric_acid, mysquare(mylog(alcohol)))"
wineRed,25,23.3684438,0.7273671419821248,0.6678264435890837,39,39,10,"mylog(mylog(myprod(myexp(myprod(+(citric_acid, +(citric_acid, +(citric_acid, alcohol))), mydiv(-(sulphates, -3.142), volatile_acidity))), -(myexp(myprod(alcohol, +(fixed_acidity, +(-1.0, alcohol)))), mysquare(+(+(myexp(free_sulfur_dioxide), myprod(myexp(free_sulfur_dioxide), total_sulfur_dioxide)), myprod(myexp(free_sulfur_dioxide), total_sulfur_dioxide)))))))"
wineRed,26,12.8033516,0.7068257698042425,0.6486657132349977,20,20,10,"mysqrt(myprod(alcohol, mysqrt(myprod(alcohol, +(mylog(mylog(-(10.0, volatile_acidity))), mydiv(citric_acid, +(volatile_acidity, myprod(mysqrt(volatile_acidity), pH))))))))"
wineRed,27,22.269823501,0.6774499485293193,0.618304386219133,57,57,10,"+(mylog(mysquare(+(mydiv(volatile_acidity, -(+(mysqrt(alcohol), volatile_acidity), alcohol)), mysqrt(alcohol)))), +(mysquare(mydiv(sulphates, -(mydiv(sulphates, total_sulfur_dioxide), +(+(myexp(volatile_acidity), chlorides), chlorides)))), +(mydiv(volatile_acidity, -(+(+(myexp(volatile_acidity), chlorides), volatile_acidity), fixed_acidity)), +(+(mydiv(volatile_acidity, -(sulphates, alcohol)), mysqrt(myexp(myprod(mydiv(volatile_acidity, -10.0), +(100.0, -10.0))))), mysqrt(alcohol)))))"
wineRed,28,9.9621038,0.7173678671285199,0.6611384371221084,17,17,8,"mylog(mysquare(+(mylog(mydiv(mydiv(mydiv(chlorides, volatile_acidity), volatile_acidity), myexp(myprod(volatile_acidity, pH)))), +(alcohol, alcohol))))"
wineRed,29,12.6577523,0.7286139547635436,0.6579240520924364,23,23,9,"myprod(myprod(myprod(myprod(myprod(myprod(mysqrt(mysqrt(alcohol)), density), myprod(density, myprod(density, density))), mysqrt(density)), myprod(density, density)), density), mysqrt(alcohol))"
wineRed,30,18.6030401,0.6823757858607378,0.6253973716896829,27,27,10,"myprod(mysqrt(-(mysqrt(mylog(mysquare(-(mylog(mysquare(total_sulfur_dioxide)), mysquare(-(alcohol, pH)))))), volatile_acidity)), mylog(myprod(myprod(alcohol, mysqrt(+(3.142, mydiv(3.142, myexp(-1.571))))), 1.0)))"
wineWhite,1,20.4434135,0.815800830308352,0.824531894190083,6,6,6,myexp(mylog(myexp(mysqrt(mysqrt(alcohol)))))
wineWhite,2,96.0862994,0.7779498922670106,0.7798832409891988,45,45,10,"+(+(+(+(mylog(mylog(mylog(alcohol))), mylog(mylog(mylog(alcohol)))), +(myexp(-(density, mysqrt(mydiv(3.142, mysquare(free_sulfur_dioxide))))), myexp(mydiv(fixed_acidity, mylog(chlorides))))), +(mylog(mylog(mylog(alcohol))), +(mylog(mylog(alcohol)), +(mylog(mylog(mylog(alcohol))), mylog(mylog(mylog(alcohol))))))), 3.142)"
wineWhite,3,19.3587984,0.815800830308352,0.824531894190083,4,4,4,myexp(mysqrt(mysqrt(alcohol)))
wineWhite,4,35.3926032,0.8204712284006734,0.825362946960227,14,14,10,"mylog(myprod(100.0, mylog(mysquare(+(3.142, -(mylog(mysquare(myprod(10.0, volatile_acidity))), alcohol))))))"
wineWhite,5,51.622462,0.8279122554878892,0.8413920693516046,29,29,10,"-(-(myexp(1.571), mydiv(alcohol, mysquare(-(-(mysqrt(+(mydiv(3.142, sulphates), -1.0)), myexp(mysqrt(-(-1.0, -1.571)))), -(myexp(mysquare(mylog(free_sulfur_dioxide))), 10.0))))), mydiv(alcohol, -10.0))"
wineWhite,6,54.893080699,0.7947955669250475,0.806171465856173,28,28,10,"myexp(+(+(mysquare(mydiv(mydiv(mysquare(mysquare(sulphates)), volatile_acidity), alcohol)), mysqrt(+(mylog(alcohol), mylog(mysquare(-(sulphates, -(1.571, alcohol))))))), +(-3.142, mylog(mylog(myexp(10.0))))))"
wineWhite,7,49.503785601,0.7875074312245142,0.7938888373761995,20,20,10,"mylog(myprod(alcohol, mysquare(+(mysquare(mylog(alcohol)), mydiv(+(-(mylog(fixed_acidity), -(+(fixed_acidity, fixed_acidity), sulphates)), free_sulfur_dioxide), free_sulfur_dioxide)))))"
wineWhite,8,27.5812212,0.8110774512105084,0.8029343295585728,21,21,10,"mydiv(mysqrt(mydiv(+(mydiv(100.0, -1.571), mysquare(+(mysquare(mylog(myprod(volatile_acidity, fixed_acidity))), 1.571))), -3.142)), mysqrt(mysqrt(mydiv(3.142, alcohol))))"
wineWhite,9,29.036574999,0.7803546573313366,0.7977121849147907,28,28,10,"myexp(mysqrt(mylog(mysqrt(+(+(mysquare(myexp(mysqrt(alcohol))), free_sulfur_dioxide), myprod(+(fixed_acidity, +(volatile_acidity, fixed_acidity)), -(-(mydiv(volatile_acidity, -1.0), +(volatile_acidity, fixed_acidity)), -(10.0, residual_sugar))))))))"
wineWhite,10,156.641136601,0.7861228920280976,0.7887937628804088,77,77,10,"-(+(mysquare(mysquare(1.571)), density), +(+(+(+(-(mydiv(alcohol, -100.0), myexp(-1.571)), mydiv(+(-(1.571, -1.571), density), alcohol)), +(-(mydiv(alcohol, -100.0), myexp(-1.571)), mydiv(+(-(1.571, -1.571), density), alcohol))), +(-(+(-(mydiv(alcohol, -100.0), myexp(-1.571)), mydiv(mysquare(1.571), alcohol)), myexp(-1.571)), +(+(-(mydiv(alcohol, -100.0), citric_acid), mydiv(mysquare(1.571), alcohol)), +(-(volatile_acidity, myprod(1.571, myexp(-3.142))), mydiv(mysqrt(+(100.0, 1.571)), alcohol))))), citric_acid))"
wineWhite,11,47.928870099,0.7835992542098044,0.7809923333430527,20,20,10,"mysquare(mylog(+(alcohol, myexp(mydiv(mysquare(myexp(-(alcohol, mydiv(citric_acid, volatile_acidity)))), myprod(+(mylog(fixed_acidity), -3.142), myexp(free_sulfur_dioxide)))))))"
wineWhite,12,78.3974751,0.836361763147113,0.8486498043578857,33,33,10,"mydiv(mydiv(10.0, -(mydiv(+(-(mydiv(myprod(+(volatile_acidity, density), -(-100.0, 10.0)), -(10.0, myexp(10.0))), 1.0), mysquare(density)), myprod(mylog(mylog(mysquare(mylog(pH)))), volatile_acidity)), mysquare(myexp(chlorides)))), -1.571)"
wineWhite,13,68.9254506,0.7738927424622152,0.7750926192845957,29,29,10,"+(myexp(mydiv(mysquare(mysquare(mydiv(mysqrt(myexp(+(volatile_acidity, 1.0))), mylog(mysqrt(free_sulfur_dioxide))))), -(0.0, free_sulfur_dioxide))), +(mylog(mylog(mysqrt(myexp(+(citric_acid, +(citric_acid, alcohol)))))), mysqrt(alcohol)))"
wineWhite,14,85.2570504,0.767712852302701,0.7648870206698553,44,44,10,"mylog(+(myprod(100.0, -(-(mysquare(-(volatile_acidity, mysqrt(sulphates))), mysqrt(sulphates)), mydiv(3.142, free_sulfur_dioxide))), +(myprod(100.0, -(mysquare(-(volatile_acidity, mylog(mylog(free_sulfur_dioxide)))), volatile_acidity)), +(myprod(100.0, mylog(mydiv(myexp(alcohol), myprod(10.0, 100.0)))), myprod(100.0, mysquare(-(volatile_acidity, mysqrt(sulphates))))))))"
wineWhite,15,30.82052,0.800096303763497,0.8071083041876184,9,9,8,"myexp(mysqrt(mysqrt(myprod(alcohol, mysqrt(mylog(mysquare(1.571)))))))"
wineWhite,16,130.497169,0.7523091323935667,0.7463278956605818,64,64,10,"mylog(+(myprod(mysqrt(myprod(myprod(mysquare(alcohol), mydiv(alcohol, mysquare(-3.142))), free_sulfur_dioxide)), myprod(mysqrt(alcohol), mydiv(alcohol, myprod(myprod(volatile_acidity, myprod(mysquare(3.142), +(1.0, chlorides))), mysquare(mylog(fixed_acidity)))))), +(myprod(myprod(mysquare(mysqrt(residual_sugar)), +(1.0, chlorides)), mydiv(alcohol, myprod(mydiv(volatile_acidity, mydiv(-(volatile_acidity, -1.0), +(citric_acid, pH))), pH))), myexp(myprod(mylog(100.0), mydiv(alcohol, myprod(mysquare(3.142), +(1.0, chlorides))))))))"
wineWhite,17,77.8050331,0.771377206481892,0.7647565829115284,36,36,10,"+(pH, myexp(+(+(-(density, mydiv(-(10.0, alcohol), 10.0)), mydiv(1.0, -(density, mysqrt(myexp(mydiv(free_sulfur_dioxide, pH)))))), mydiv(1.0, -(density, -(mydiv(alcohol, volatile_acidity), mysquare(myprod(mydiv(pH, -3.142), myexp(1.0)))))))))"
wineWhite,18,102.7114858,0.7711233793624697,0.7719756894446621,37,37,10,"+(+(myexp(myexp(mylog(myexp(mylog(mysqrt(3.142)))))), -(mydiv(pH, -(1.0, alcohol)), volatile_acidity)), mysquare(myprod(-(myprod(-(1.0, alcohol), mydiv(mylog(myexp(-(volatile_acidity, alcohol))), mylog(100.0))), volatile_acidity), mydiv(pH, -(100.0, alcohol)))))"
wineWhite,19,54.7510592,0.8629588447626785,0.8735358477740575,21,21,10,"mysquare(+(+(mylog(1.571), mysquare(-1.0)), myexp(myprod(mysquare(mylog(+(mydiv(mysqrt(1.571), myexp(volatile_acidity)), mydiv(-1.0, alcohol)))), -1.0))))"
wineWhite,20,81.499784699,0.7660755750101198,0.7658727878434995,36,36,9,"+(myprod(mydiv(chlorides, mysqrt(free_sulfur_dioxide)), myprod(volatile_acidity, +(-(-(-(mysquare(alcohol), fixed_acidity), fixed_acidity), mysquare(mysquare(pH))), mydiv(-(alcohol, mysquare(mysquare(pH))), +(volatile_acidity, myprod(alcohol, chlorides)))))), +(-(pH, volatile_acidity), mysqrt(alcohol)))"
wineWhite,21,48.702772099,0.7740984853563044,0.7752625677113194,20,20,10,"myprod(mysqrt(mylog(myprod(+(3.142, +(3.142, alcohol)), mylog(mylog(+(mydiv(residual_sugar, total_sulfur_dioxide), myexp(mysqrt(free_sulfur_dioxide)))))))), mysqrt(alcohol))"
wineWhite,22,67.142729699,0.7848250394449454,0.7830705516898745,29,29,10,"myexp(+(myexp(mydiv(+(mydiv(+(volatile_acidity, mydiv(-(fixed_acidity, sulphates), myexp(-1.0))), myprod(+(-1.571, 1.0), free_sulfur_dioxide)), mylog(alcohol)), myexp(myexp(myexp(volatile_acidity))))), mydiv(mylog(alcohol), 3.142)))"
wineWhite,23,63.2471568,0.7612379581644907,0.7604296675303237,52,52,10,"+(myprod(mydiv(+(sulphates, myprod(pH, myprod(-(mysqrt(alcohol), 3.142), mysqrt(alcohol)))), 3.142), sulphates), +(myprod(mydiv(mysquare(volatile_acidity), -(1.0, myexp(myexp(myexp(+(density, -10.0)))))), pH), +(myprod(myprod(mydiv(mydiv(myprod(alcohol, mydiv(citric_acid, free_sulfur_dioxide)), residual_sugar), -(1.0, pH)), fixed_acidity), sulphates), mylog(myprod(pH, myprod(10.0, alcohol))))))"
wineWhite,24,45.935141001,0.7666027190322028,0.7671483563169883,38,38,10,"mylog(+(+(free_sulfur_dioxide, +(-100.0, myexp(mysquare(mylog(alcohol))))), mysqrt(myprod(+(+(+(mydiv(-100.0, volatile_acidity), mydiv(alcohol, sulphates)), mydiv(alcohol, sulphates)), +(mysquare(myprod(mysquare(1.571), myexp(0.0))), mydiv(myprod(sulphates, total_sulfur_dioxide), mysqrt(3.142)))), -100.0))))"
wineWhite,25,34.6544059,0.7801936906100367,0.7815018793852542,26,26,10,"mylog(myprod(mylog(pH), myprod(mysquare(myexp(mydiv(mydiv(myexp(myexp(1.571)), myprod(free_sulfur_dioxide, -(10.0, pH))), -(3.142, alcohol)))), myprod(myprod(alcohol, alcohol), mysqrt(alcohol)))))"
wineWhite,26,27.287276,0.7776245305341379,0.7745978704802567,20,20,10,"mysquare(mylog(+(alcohol, myexp(mydiv(mydiv(mydiv(mydiv(-1.0, pH), residual_sugar), free_sulfur_dioxide), mydiv(citric_acid, mysquare(myexp(myprod(fixed_acidity, volatile_acidity)))))))))"
wineWhite,27,28.8898009,0.778163967299796,0.7781881240239109,21,21,10,"mysqrt(mysquare(+(mylog(mysqrt(mysqrt(+(myexp(mysqrt(residual_sugar)), +(myexp(sulphates), sulphates))))), mysquare(mylog(-(-(alcohol, volatile_acidity), volatile_acidity))))))"
wineWhite,28,20.6125749,0.7916886765799737,0.7963170215806545,15,15,10,"mylog(mysquare(+(alcohol, -(alcohol, mysquare(mysquare(mydiv(myexp(mysqrt(volatile_acidity)), mysqrt(mylog(alcohol)))))))))"
wineWhite,29,63.645635401,0.7642859985831237,0.7671614739912567,68,68,10,"mysqrt(+(+(+(myprod(3.142, alcohol), mysquare(-(+(-(-1.571, volatile_acidity), 3.142), volatile_acidity))), +(mysquare(-(+(-(-1.571, chlorides), pH), +(mysquare(volatile_acidity), chlorides))), mysquare(-(+(-(-1.571, volatile_acidity), 3.142), volatile_acidity)))), -(+(-(-1.571, myprod(3.142, myprod(+(mysquare(volatile_acidity), chlorides), 3.142))), mysquare(-(+(-(-1.571, volatile_acidity), 3.142), volatile_acidity))), mydiv(-(volatile_acidity, mylog(mydiv(residual_sugar, mysquare(myprod(3.142, -1.0))))), -(residual_sugar, volatile_acidity)))))"
wineWhite,30,19.626614101,0.7957469301424295,0.8025905681253878,16,16,9,"myexp(mysqrt(mysquare(-(+(1.571, chlorides), mylog(+(mysquare(3.142), +(pH, myprod(alcohol, 1.571))))))))"
yachtHydrodynamics,1,12.8466342,1.9242171953682556,1.6524780863478317,41,41,8,"myprod(myprod(myprod(mysquare(FrodeN), -1.0), mydiv(myprod(10.0, 10.0), LenBeam)), myprod(myprod(mysquare(FrodeN), -1.0), myprod(myprod(myprod(mysquare(FrodeN), -1.0), mydiv(myprod(10.0, mysquare(LenBeam)), LenBeam)), -(mydiv(mylog(+(10.0, 10.0)), FrodeN), +(10.0, mylog(+(10.0, 10.0)))))))"
yachtHydrodynamics,2,23.035986,1.771340917310745,1.6528515367361374,53,53,11,"+(myexp(+(-(mydiv(+(LenDisp, 1.0), +(mydiv(1.0, FrodeN), +(1.0, PrismCoeff))), myexp(mydiv(mydiv(+(-10.0, -1.0), LenDisp), myprod(mysquare(mylog(FrodeN)), mydiv(+(LenDisp, -1.0), 1.0))))), mydiv(+(mydiv(LenDisp, 100.0), mysqrt(+(1.0, 1.571))), mydiv(mysquare(mylog(FrodeN)), myexp(mysquare(+(-1.571, mysqrt(+(1.0, PrismCoeff))))))))), -1.571)"
yachtHydrodynamics,3,4.4374023,11.130376884155703,9.627062092922396,14,14,10,"mysqrt(myexp(mysqrt(myprod(10.0, myexp(mysqrt(myprod(10.0, +(mylog(1.0), mysquare(FrodeN)))))))))"
yachtHydrodynamics,4,13.5773156,7.034822180737486,6.427810903058461,38,38,9,"mysquare(mydiv(mysquare(mydiv(myexp(mydiv(LenDisp, mysqrt(-(1.571, FrodeN)))), -(myprod(+(-10.0, FrodeN), LenBeam), -(mysquare(+(LenDisp, -3.142)), LenDisp)))), +(-(mylog(myprod(-(1.571, FrodeN), -(+(LenDisp, -3.142), mysqrt(FrodeN)))), LenBeam), LenDisp)))"
yachtHydrodynamics,5,8.859882001,1.5597672466982684,1.6739519898513744,33,33,9,"mysquare(myprod(FrodeN, +(myprod(FrodeN, mydiv(FrodeN, myprod(+(mysquare(BeamDraught), -3.142), mylog(mylog(BeamDraught))))), +(myprod(FrodeN, mydiv(FrodeN, mysquare(-(PrismCoeff, Lonpos)))), +(myprod(FrodeN, -10.0), mysquare(myprod(FrodeN, -10.0)))))))"
yachtHydrodynamics,6,11.9999835,4.608080551781175,4.087334427793826,31,31,10,"mylog(mydiv(myprod(myexp(mysquare(myprod(-3.142, myprod(10.0, myprod(FrodeN, FrodeN))))), FrodeN), +(1.571, myprod(PrismCoeff, myprod(-3.142, myprod(mysqrt(+(+(BeamDraught, 10.0), -(-1.0, -3.142))), myprod(FrodeN, FrodeN)))))))"
yachtHydrodynamics,7,6.820021799,4.537431779626923,4.418311388857259,22,22,10,"myexp(mysquare(myexp(mydiv(myprod(myexp(FrodeN), FrodeN), mysquare(myexp(+(mydiv(mydiv(FrodeN, 10.0), mydiv(10.0, BeamDraught)), mydiv(myexp(-100.0), 10.0))))))))"
yachtHydrodynamics,8,9.573478299,3.024720434550628,3.071848881421896,30,30,10,"myexp(+(+(+(myexp(FrodeN), mydiv(FrodeN, mydiv(mysqrt(mydiv(mylog(LenBeam), myprod(LenBeam, LenBeam))), FrodeN))), +(mylog(mydiv(FrodeN, 1.571)), myexp(FrodeN))), mydiv(FrodeN, mysqrt(-(PrismCoeff, FrodeN)))))"
yachtHydrodynamics,9,12.878959,3.1302233304856415,3.283598469476235,42,42,10,"myprod(+(mysquare(myprod(BeamDraught, FrodeN)), FrodeN), myprod(+(FrodeN, +(FrodeN, +(FrodeN, mydiv(LenBeam, BeamDraught)))), myprod(+(FrodeN, FrodeN), +(+(3.142, myprod(mylog(FrodeN), mylog(myexp(mysquare(LenBeam))))), myprod(+(FrodeN, mydiv(LenBeam, BeamDraught)), +(+(3.142, LenBeam), LenBeam))))))"
yachtHydrodynamics,10,24.479098,2.0777653613928186,1.8878887851593968,77,77,10,"+(+(+(myprod(mysqrt(FrodeN), myprod(myprod(mysqrt(FrodeN), mysquare(1.571)), myprod(mydiv(+(BeamDraught, 1.0), mylog(LenDisp)), -1.571))), myprod(FrodeN, -(-3.142, mysquare(1.571)))), myexp(myprod(mysqrt(FrodeN), myexp(myprod(mysqrt(FrodeN), mysquare(1.571)))))), -(myprod(FrodeN, -(-3.142, -(mysqrt(-(+(-1.571, -(10.0, Lonpos)), +(-1.571, +(10.0, Lonpos)))), 1.571))), myprod(myprod(mysqrt(FrodeN), myprod(FrodeN, myprod(FrodeN, -(-3.142, mysquare(1.571))))), myexp(myprod(mysqrt(FrodeN), myexp(myprod(mysqrt(FrodeN), mysquare(1.571))))))))"
yachtHydrodynamics,11,4.220465901,7.729122755827986,7.697917063534306,9,9,6,"myexp(mydiv(FrodeN, myexp(-(0.0, +(PrismCoeff, 1.571)))))"
yachtHydrodynamics,12,6.1125895,2.077886847817344,1.9813094291354088,15,15,10,"myprod(FrodeN, myprod(FrodeN, myprod(FrodeN, myexp(myexp(+(mylog(mysqrt(mysqrt(3.142))), myexp(FrodeN)))))))"
yachtHydrodynamics,13,8.0125762,8.552260498824825,7.737103450162852,21,21,10,"mysqrt(-(100.0, -(myprod(-(LenDisp, myexp(mysquare(myexp(FrodeN)))), mysquare(myexp(mysqrt(mydiv(mysqrt(PrismCoeff), -(PrismCoeff, FrodeN)))))), -10.0)))"
yachtHydrodynamics,14,19.8385089,1.2013015589826739,1.3904864475390608,47,47,10,"mysqrt(mysquare(mydiv(mydiv(mysquare(myprod(FrodeN, 10.0)), myprod(-10.0, mydiv(mydiv(+(0.0, 1.0), myprod(FrodeN, 3.142)), 3.142))), myprod(mydiv(+(0.0, mydiv(+(0.0, 1.0), myprod(FrodeN, 3.142))), myprod(FrodeN, 3.142)), myprod(myprod(mysquare(mylog(FrodeN)), mysquare(-(mydiv(1.0, -10.0), PrismCoeff))), myexp(myexp(-1.571)))))))"
yachtHydrodynamics,15,14.7797993,2.9881540608964943,2.934219820337486,42,42,9,"mysquare(+(myprod(FrodeN, FrodeN), myprod(FrodeN, +(+(+(myprod(FrodeN, FrodeN), myprod(FrodeN, 10.0)), myprod(FrodeN, +(myprod(FrodeN, 10.0), myprod(FrodeN, 10.0)))), myprod(FrodeN, +(+(myprod(FrodeN, 10.0), myprod(FrodeN, 10.0)), +(myprod(FrodeN, FrodeN), myprod(FrodeN, 10.0))))))))"
yachtHydrodynamics,16,8.3348461,2.0930057366166865,2.016589475421255,32,32,10,"myprod(mysquare(mydiv(LenDisp, mydiv(mylog(mysquare(FrodeN)), myprod(myexp(myprod(myprod(myexp(-10.0), mysquare(-3.142)), +(myexp(FrodeN), 10.0))), myprod(mysquare(FrodeN), +(LenDisp, -10.0)))))), mylog(myexp(myprod(1.571, mysqrt(10.0)))))"
yachtHydrodynamics,17,19.050465,1.6809181816056142,1.3861021492836172,48,48,10,"myprod(myprod(myprod(myprod(myprod(10.0, mydiv(FrodeN, mylog(1.571))), mydiv(FrodeN, mylog(1.571))), myexp(mydiv(mysquare(BeamDraught), mydiv(-100.0, mylog(mydiv(mylog(BeamDraught), mysqrt(1.0))))))), mydiv(FrodeN, mylog(1.571))), myprod(myprod(myprod(myprod(10.0, mydiv(FrodeN, myexp(-1.0))), mydiv(FrodeN, mylog(1.571))), mydiv(FrodeN, mylog(1.571))), FrodeN))"
yachtHydrodynamics,18,13.4954862,5.919752946275238,5.5328148120487555,33,33,10,"+(PrismCoeff, +(FrodeN, +(FrodeN, +(+(+(FrodeN, -3.142), mysquare(mysquare(myprod(FrodeN, LenDisp)))), +(+(+(+(FrodeN, FrodeN), -3.142), FrodeN), +(mysquare(mylog(FrodeN)), mysquare(mysquare(myprod(FrodeN, LenDisp)))))))))"
yachtHydrodynamics,19,8.670124801,3.2725581690558716,3.427251773564482,22,22,10,"-(+(-1.0, +(-1.0, +(+(-1.0, mysquare(mysquare(myprod(mysquare(FrodeN), -(FrodeN, -10.0))))), mysquare(mysquare(mysquare(myexp(FrodeN))))))), BeamDraught)"
yachtHydrodynamics,20,8.1775312,6.134447637955766,5.984348262548581,19,19,10,"mydiv(-3.142, -(FrodeN, mydiv(3.142, +(3.142, mysqrt(mydiv(-(3.142, -3.142), -(3.142, myexp(+(FrodeN, FrodeN)))))))))"
yachtHydrodynamics,21,8.4426216,2.2842790571645146,2.3309341955123375,22,22,9,"myprod(-10.0, myprod(-10.0, myprod(myprod(FrodeN, myprod(-1.0, FrodeN)), myprod(-10.0, myprod(mysquare(mysquare(1.571)), mysquare(myprod(myprod(-1.0, FrodeN), FrodeN)))))))"
yachtHydrodynamics,22,3.5016817,4.90370945105474,4.547535141717045,6,6,5,"myexp(mysquare(mysquare(myprod(-3.142, FrodeN))))"
yachtHydrodynamics,23,25.693782201,1.721658056749638,1.373337598749385,75,75,9,"+(+(+(+(+(+(myprod(FrodeN, +(-10.0, -10.0)), PrismCoeff), myexp(myprod(-10.0, FrodeN))), myexp(myexp(myprod(-10.0, FrodeN)))), +(+(FrodeN, myprod(FrodeN, mysquare(myprod(-10.0, FrodeN)))), myprod(FrodeN, +(mysquare(myprod(-10.0, FrodeN)), -10.0)))), +(mysquare(myprod(FrodeN, +(mysquare(myprod(-10.0, FrodeN)), -10.0))), +(+(mysquare(myprod(-10.0, FrodeN)), mylog(mydiv(LenDisp, 10.0))), myexp(myprod(-10.0, FrodeN))))), myprod(FrodeN, +(mysquare(myprod(FrodeN, +(mysquare(myprod(-10.0, FrodeN)), -10.0))), -10.0)))"
yachtHydrodynamics,24,19.4621592,2.1141158909995794,2.244138945651185,43,43,10,"+(myprod(myexp(myexp(-(myexp(mysqrt(FrodeN)), -(mydiv(1.0, FrodeN), 1.0)))), mylog(myprod(myexp(mydiv(mydiv(myexp(1.0), -(+(PrismCoeff, FrodeN), mysqrt(FrodeN))), myexp(1.0))), +(-(mydiv(1.0, FrodeN), myexp(FrodeN)), +(mydiv(1.0, FrodeN), +(10.0, 100.0)))))), -10.0)"
yachtHydrodynamics,25,5.517181701,3.2073227283103383,2.824505614088734,9,9,5,"myexp(myexp(myprod(myprod(FrodeN, FrodeN), -(-3.142, -10.0))))"
yachtHydrodynamics,26,14.093612899,1.7388872743835317,1.4427074294693722,39,39,10,"mysquare(-(mydiv(mydiv(-1.571, mysquare(mylog(mydiv(myexp(-(Lonpos, 3.142)), 3.142)))), mysquare(myprod(FrodeN, -(Lonpos, 3.142)))), -(mydiv(mydiv(-1.571, +(FrodeN, mysquare(myprod(FrodeN, 3.142)))), -(mydiv(FrodeN, Lonpos), LenBeam)), myexp(mysquare(myprod(FrodeN, 3.142))))))"
yachtHydrodynamics,27,22.133515301,3.3089905584096178,3.074238606177765,61,61,10,"mydiv(1.0, mydiv(-(-3.142, mysquare(mysquare(mysquare(mysquare(mylog(FrodeN)))))), +(+(+(-3.142, +(-3.142, FrodeN)), myprod(+(+(myprod(-3.142, FrodeN), -(100.0, 100.0)), mylog(mylog(-(10.0, FrodeN)))), mydiv(myexp(mysquare(3.142)), -(-(1.0, -100.0), -3.142)))), -(10.0, mydiv(BeamDraught, myprod(+(+(myprod(-3.142, FrodeN), 0.0), mysqrt(+(1.0, 1.0))), -(1.0, +(-3.142, -100.0))))))))"
yachtHydrodynamics,28,24.8900807,7.04841500815028,5.845781826718318,56,56,10,"+(myprod(mysquare(myprod(LenBeam, FrodeN)), +(myprod(mysquare(mylog(mysqrt(myexp(mydiv(BeamDraught, LenBeam))))), +(myexp(mysquare(myprod(LenBeam, FrodeN))), myexp(mysquare(myprod(LenBeam, FrodeN))))), myexp(mysquare(myprod(LenBeam, FrodeN))))), myprod(mysquare(mylog(mysqrt(myexp(mydiv(BeamDraught, LenBeam))))), +(+(myexp(mysquare(myprod(LenBeam, FrodeN))), myexp(mysquare(myprod(LenBeam, FrodeN)))), myexp(mysquare(myprod(LenBeam, FrodeN))))))"
yachtHydrodynamics,29,13.584388699,1.5915876371707032,1.7764241389701145,28,28,8,"myprod(mysquare(mydiv(myprod(FrodeN, mysquare(mydiv(myprod(FrodeN, 1.571), 1.571))), mydiv(+(mysquare(-(-1.0, PrismCoeff)), mysquare(-1.0)), 1.571))), myexp(+(10.0, myprod(FrodeN, myprod(FrodeN, 1.571)))))"
yachtHydrodynamics,30,12.630900699,2.771794911791394,2.6935236141831305,26,26,10,"mysqrt(mysquare(mydiv(-(100.0, mysquare(mydiv(-(100.0, -(LenDisp, -10.0)), mydiv(mysqrt(LenDisp), FrodeN)))), mydiv(mydiv(mylog(mydiv(mylog(myexp(1.0)), FrodeN)), FrodeN), FrodeN))))"